#
# TABLE STRUCTURE FOR: genres
#

DROP TABLE IF EXISTS `genres`;

CREATE TABLE `genres` (
  `id` int(10) unsigned NOT NULL AUTO_INCREMENT,
  `name` varchar(255) COLLATE utf8mb4_unicode_ci NOT NULL,
  `created_at` datetime DEFAULT current_timestamp(),
  PRIMARY KEY (`id`),
  UNIQUE KEY `name` (`name`)
) ENGINE=InnoDB AUTO_INCREMENT=8 DEFAULT CHARSET=utf8mb4 COLLATE=utf8mb4_unicode_ci;

INSERT INTO `genres` (`id`, `name`, `created_at`) VALUES (1, 'Drama', '2021-04-29 10:55:03');
INSERT INTO `genres` (`id`, `name`, `created_at`) VALUES (2, 'Comedy', '2021-04-29 10:55:03');
INSERT INTO `genres` (`id`, `name`, `created_at`) VALUES (3, 'Musical', '2021-04-29 10:55:03');
INSERT INTO `genres` (`id`, `name`, `created_at`) VALUES (4, 'Detective', '2021-04-29 10:55:03');
INSERT INTO `genres` (`id`, `name`, `created_at`) VALUES (5, 'Action', '2021-04-29 10:55:03');
INSERT INTO `genres` (`id`, `name`, `created_at`) VALUES (6, 'Thriller', '2021-04-29 10:55:03');
INSERT INTO `genres` (`id`, `name`, `created_at`) VALUES (7, 'Horror', '2021-04-29 10:55:03');


#
# TABLE STRUCTURE FOR: persons
#

DROP TABLE IF EXISTS `persons`;

CREATE TABLE `persons` (
  `id` int(10) unsigned NOT NULL AUTO_INCREMENT,
  `first_name` varchar(100) COLLATE utf8mb4_unicode_ci NOT NULL,
  `last_name` varchar(100) COLLATE utf8mb4_unicode_ci NOT NULL,
  `created_at` datetime DEFAULT current_timestamp(),
  `updated_at` datetime DEFAULT current_timestamp() ON UPDATE current_timestamp(),
  PRIMARY KEY (`id`)
) ENGINE=InnoDB AUTO_INCREMENT=101 DEFAULT CHARSET=utf8mb4 COLLATE=utf8mb4_unicode_ci;

INSERT INTO `persons` (`id`, `first_name`, `last_name`, `created_at`, `updated_at`) VALUES (1, 'Micah', 'Berge', '2016-12-07 17:43:35', '2014-10-20 21:31:52');
INSERT INTO `persons` (`id`, `first_name`, `last_name`, `created_at`, `updated_at`) VALUES (2, 'Emilie', 'Towne', '2014-05-04 16:27:00', '2021-03-31 02:04:04');
INSERT INTO `persons` (`id`, `first_name`, `last_name`, `created_at`, `updated_at`) VALUES (3, 'Kenneth', 'Larkin', '2018-02-24 12:38:16', '2011-07-28 23:49:12');
INSERT INTO `persons` (`id`, `first_name`, `last_name`, `created_at`, `updated_at`) VALUES (4, 'Hal', 'Bosco', '2013-05-27 04:04:40', '2016-12-14 07:55:27');
INSERT INTO `persons` (`id`, `first_name`, `last_name`, `created_at`, `updated_at`) VALUES (5, 'Rozella', 'Kohler', '2017-08-08 12:04:45', '2019-05-07 03:16:56');
INSERT INTO `persons` (`id`, `first_name`, `last_name`, `created_at`, `updated_at`) VALUES (6, 'Joan', 'Okuneva', '2017-12-24 05:29:33', '2020-05-14 08:06:25');
INSERT INTO `persons` (`id`, `first_name`, `last_name`, `created_at`, `updated_at`) VALUES (7, 'Doris', 'Mueller', '2018-03-11 21:51:43', '2016-03-07 17:59:58');
INSERT INTO `persons` (`id`, `first_name`, `last_name`, `created_at`, `updated_at`) VALUES (8, 'Hayley', 'Mraz', '2015-07-26 14:33:59', '2018-11-05 15:35:59');
INSERT INTO `persons` (`id`, `first_name`, `last_name`, `created_at`, `updated_at`) VALUES (9, 'Lamont', 'Heaney', '2016-08-08 20:44:18', '2019-07-25 19:56:32');
INSERT INTO `persons` (`id`, `first_name`, `last_name`, `created_at`, `updated_at`) VALUES (10, 'Dangelo', 'Stark', '2020-09-16 21:03:29', '2014-08-20 01:19:06');
INSERT INTO `persons` (`id`, `first_name`, `last_name`, `created_at`, `updated_at`) VALUES (11, 'Jerome', 'Rolfson', '2019-07-31 00:12:01', '2019-05-25 18:04:43');
INSERT INTO `persons` (`id`, `first_name`, `last_name`, `created_at`, `updated_at`) VALUES (12, 'Sincere', 'Waters', '2020-10-13 18:32:35', '2011-05-03 12:02:02');
INSERT INTO `persons` (`id`, `first_name`, `last_name`, `created_at`, `updated_at`) VALUES (13, 'Cordelia', 'Hermann', '2020-10-28 04:05:07', '2018-05-27 07:41:58');
INSERT INTO `persons` (`id`, `first_name`, `last_name`, `created_at`, `updated_at`) VALUES (14, 'Norris', 'Kuhlman', '2011-06-19 22:39:25', '2013-04-14 15:41:19');
INSERT INTO `persons` (`id`, `first_name`, `last_name`, `created_at`, `updated_at`) VALUES (15, 'Vidal', 'Farrell', '2013-04-02 03:42:34', '2019-10-07 14:09:16');
INSERT INTO `persons` (`id`, `first_name`, `last_name`, `created_at`, `updated_at`) VALUES (16, 'Kennedy', 'Shanahan', '2014-08-28 16:35:08', '2019-12-25 16:17:24');
INSERT INTO `persons` (`id`, `first_name`, `last_name`, `created_at`, `updated_at`) VALUES (17, 'Edythe', 'Medhurst', '2013-07-29 11:14:33', '2018-02-16 11:23:36');
INSERT INTO `persons` (`id`, `first_name`, `last_name`, `created_at`, `updated_at`) VALUES (18, 'Lincoln', 'Witting', '2017-11-07 20:36:23', '2012-02-10 04:56:03');
INSERT INTO `persons` (`id`, `first_name`, `last_name`, `created_at`, `updated_at`) VALUES (19, 'Conor', 'Torphy', '2015-03-08 23:18:14', '2018-01-15 03:28:45');
INSERT INTO `persons` (`id`, `first_name`, `last_name`, `created_at`, `updated_at`) VALUES (20, 'Sherwood', 'Kohler', '2018-04-07 18:19:28', '2015-09-04 10:42:57');
INSERT INTO `persons` (`id`, `first_name`, `last_name`, `created_at`, `updated_at`) VALUES (21, 'Lacey', 'Lockman', '2019-02-06 05:02:18', '2020-10-12 11:04:42');
INSERT INTO `persons` (`id`, `first_name`, `last_name`, `created_at`, `updated_at`) VALUES (22, 'Isabella', 'Bruen', '2016-06-11 02:23:52', '2019-03-11 15:41:44');
INSERT INTO `persons` (`id`, `first_name`, `last_name`, `created_at`, `updated_at`) VALUES (23, 'Francisca', 'Ward', '2015-06-15 00:23:24', '2013-12-24 06:51:33');
INSERT INTO `persons` (`id`, `first_name`, `last_name`, `created_at`, `updated_at`) VALUES (24, 'Isaac', 'Hayes', '2020-03-06 23:07:32', '2016-08-25 16:04:36');
INSERT INTO `persons` (`id`, `first_name`, `last_name`, `created_at`, `updated_at`) VALUES (25, 'Emerald', 'Lemke', '2016-03-28 09:57:12', '2015-10-19 04:31:46');
INSERT INTO `persons` (`id`, `first_name`, `last_name`, `created_at`, `updated_at`) VALUES (26, 'Jovany', 'Hegmann', '2012-10-19 08:25:02', '2020-12-31 05:47:57');
INSERT INTO `persons` (`id`, `first_name`, `last_name`, `created_at`, `updated_at`) VALUES (27, 'Remington', 'Kautzer', '2016-10-16 16:05:19', '2014-04-23 22:01:32');
INSERT INTO `persons` (`id`, `first_name`, `last_name`, `created_at`, `updated_at`) VALUES (28, 'Norris', 'Ankunding', '2017-02-02 01:52:26', '2017-08-18 04:58:47');
INSERT INTO `persons` (`id`, `first_name`, `last_name`, `created_at`, `updated_at`) VALUES (29, 'Amira', 'Moen', '2019-06-14 02:58:13', '2013-08-25 16:44:23');
INSERT INTO `persons` (`id`, `first_name`, `last_name`, `created_at`, `updated_at`) VALUES (30, 'Oswald', 'Fadel', '2019-11-02 14:32:34', '2015-04-27 16:46:42');
INSERT INTO `persons` (`id`, `first_name`, `last_name`, `created_at`, `updated_at`) VALUES (31, 'Micah', 'Hamill', '2015-12-15 19:26:44', '2015-06-08 17:29:32');
INSERT INTO `persons` (`id`, `first_name`, `last_name`, `created_at`, `updated_at`) VALUES (32, 'Isidro', 'Dicki', '2018-08-25 06:18:09', '2020-03-27 23:09:08');
INSERT INTO `persons` (`id`, `first_name`, `last_name`, `created_at`, `updated_at`) VALUES (33, 'Felicity', 'Jacobson', '2017-06-21 15:08:05', '2012-06-02 03:48:32');
INSERT INTO `persons` (`id`, `first_name`, `last_name`, `created_at`, `updated_at`) VALUES (34, 'Dedric', 'Beahan', '2014-10-31 08:14:05', '2017-03-09 20:09:06');
INSERT INTO `persons` (`id`, `first_name`, `last_name`, `created_at`, `updated_at`) VALUES (35, 'Josefa', 'Turner', '2021-03-29 01:01:10', '2015-06-21 04:08:17');
INSERT INTO `persons` (`id`, `first_name`, `last_name`, `created_at`, `updated_at`) VALUES (36, 'Eriberto', 'Stehr', '2020-10-29 17:48:08', '2015-12-21 06:35:50');
INSERT INTO `persons` (`id`, `first_name`, `last_name`, `created_at`, `updated_at`) VALUES (37, 'Holly', 'Mraz', '2015-09-29 19:15:01', '2020-08-18 16:30:50');
INSERT INTO `persons` (`id`, `first_name`, `last_name`, `created_at`, `updated_at`) VALUES (38, 'Walker', 'Pfeffer', '2017-06-30 03:10:32', '2016-07-10 06:04:24');
INSERT INTO `persons` (`id`, `first_name`, `last_name`, `created_at`, `updated_at`) VALUES (39, 'Roderick', 'Hermann', '2014-09-18 13:19:08', '2018-04-28 03:37:52');
INSERT INTO `persons` (`id`, `first_name`, `last_name`, `created_at`, `updated_at`) VALUES (40, 'Zetta', 'Jacobi', '2018-05-17 11:52:50', '2016-05-20 15:11:21');
INSERT INTO `persons` (`id`, `first_name`, `last_name`, `created_at`, `updated_at`) VALUES (41, 'Paris', 'Corkery', '2014-07-24 20:57:14', '2019-07-28 19:16:33');
INSERT INTO `persons` (`id`, `first_name`, `last_name`, `created_at`, `updated_at`) VALUES (42, 'Carlie', 'Robel', '2020-02-25 22:24:56', '2016-09-20 16:06:24');
INSERT INTO `persons` (`id`, `first_name`, `last_name`, `created_at`, `updated_at`) VALUES (43, 'Stanley', 'Lesch', '2013-08-29 00:40:07', '2018-10-30 20:16:37');
INSERT INTO `persons` (`id`, `first_name`, `last_name`, `created_at`, `updated_at`) VALUES (44, 'Lizeth', 'Koelpin', '2015-01-29 11:39:26', '2021-01-10 11:31:44');
INSERT INTO `persons` (`id`, `first_name`, `last_name`, `created_at`, `updated_at`) VALUES (45, 'Vivianne', 'Schinner', '2014-04-13 18:52:52', '2012-05-16 00:08:06');
INSERT INTO `persons` (`id`, `first_name`, `last_name`, `created_at`, `updated_at`) VALUES (46, 'Josianne', 'Littel', '2013-07-18 10:09:06', '2014-03-15 02:58:35');
INSERT INTO `persons` (`id`, `first_name`, `last_name`, `created_at`, `updated_at`) VALUES (47, 'Dwight', 'Erdman', '2012-12-16 18:00:47', '2020-02-17 19:19:59');
INSERT INTO `persons` (`id`, `first_name`, `last_name`, `created_at`, `updated_at`) VALUES (48, 'Bill', 'Cruickshank', '2018-05-19 12:54:20', '2017-03-04 16:49:35');
INSERT INTO `persons` (`id`, `first_name`, `last_name`, `created_at`, `updated_at`) VALUES (49, 'Vivienne', 'O\'Connell', '2015-10-20 15:51:17', '2019-04-15 23:41:58');
INSERT INTO `persons` (`id`, `first_name`, `last_name`, `created_at`, `updated_at`) VALUES (50, 'Gillian', 'Collins', '2013-05-02 22:19:35', '2011-12-29 08:31:12');
INSERT INTO `persons` (`id`, `first_name`, `last_name`, `created_at`, `updated_at`) VALUES (51, 'Marge', 'Toy', '2020-07-23 09:37:34', '2021-03-24 14:41:26');
INSERT INTO `persons` (`id`, `first_name`, `last_name`, `created_at`, `updated_at`) VALUES (52, 'Art', 'McKenzie', '2012-06-21 23:23:05', '2020-11-18 11:59:42');
INSERT INTO `persons` (`id`, `first_name`, `last_name`, `created_at`, `updated_at`) VALUES (53, 'Nelson', 'Prosacco', '2014-09-16 19:39:49', '2014-03-13 20:54:25');
INSERT INTO `persons` (`id`, `first_name`, `last_name`, `created_at`, `updated_at`) VALUES (54, 'Marietta', 'Lakin', '2012-02-12 00:41:39', '2014-09-15 18:27:34');
INSERT INTO `persons` (`id`, `first_name`, `last_name`, `created_at`, `updated_at`) VALUES (55, 'Alivia', 'Waelchi', '2014-05-08 16:04:37', '2020-08-06 17:59:24');
INSERT INTO `persons` (`id`, `first_name`, `last_name`, `created_at`, `updated_at`) VALUES (56, 'Justen', 'Nader', '2013-02-02 17:51:38', '2020-10-24 04:42:51');
INSERT INTO `persons` (`id`, `first_name`, `last_name`, `created_at`, `updated_at`) VALUES (57, 'Virginie', 'Haag', '2013-06-28 12:31:02', '2012-12-09 21:23:07');
INSERT INTO `persons` (`id`, `first_name`, `last_name`, `created_at`, `updated_at`) VALUES (58, 'Yessenia', 'Kuhlman', '2017-05-04 05:30:48', '2021-01-16 04:46:47');
INSERT INTO `persons` (`id`, `first_name`, `last_name`, `created_at`, `updated_at`) VALUES (59, 'Austyn', 'Gerhold', '2012-12-23 11:08:19', '2017-10-12 19:27:16');
INSERT INTO `persons` (`id`, `first_name`, `last_name`, `created_at`, `updated_at`) VALUES (60, 'Isac', 'Nikolaus', '2014-08-06 00:35:50', '2013-06-19 19:40:31');
INSERT INTO `persons` (`id`, `first_name`, `last_name`, `created_at`, `updated_at`) VALUES (61, 'Leo', 'Witting', '2020-08-22 14:32:33', '2018-06-02 18:29:30');
INSERT INTO `persons` (`id`, `first_name`, `last_name`, `created_at`, `updated_at`) VALUES (62, 'June', 'Gottlieb', '2013-09-20 15:14:39', '2016-03-17 07:46:08');
INSERT INTO `persons` (`id`, `first_name`, `last_name`, `created_at`, `updated_at`) VALUES (63, 'Henderson', 'Konopelski', '2011-10-13 12:17:45', '2019-09-03 12:35:00');
INSERT INTO `persons` (`id`, `first_name`, `last_name`, `created_at`, `updated_at`) VALUES (64, 'Cortez', 'Schmeler', '2014-09-23 11:30:17', '2013-10-13 03:34:38');
INSERT INTO `persons` (`id`, `first_name`, `last_name`, `created_at`, `updated_at`) VALUES (65, 'Lulu', 'Lueilwitz', '2015-09-07 00:04:54', '2014-12-14 07:37:12');
INSERT INTO `persons` (`id`, `first_name`, `last_name`, `created_at`, `updated_at`) VALUES (66, 'Easter', 'Willms', '2021-04-25 07:23:14', '2015-02-10 12:45:52');
INSERT INTO `persons` (`id`, `first_name`, `last_name`, `created_at`, `updated_at`) VALUES (67, 'Mark', 'Streich', '2019-07-30 23:21:30', '2014-01-06 14:53:05');
INSERT INTO `persons` (`id`, `first_name`, `last_name`, `created_at`, `updated_at`) VALUES (68, 'Filiberto', 'Klein', '2015-05-23 09:48:51', '2019-03-19 01:40:00');
INSERT INTO `persons` (`id`, `first_name`, `last_name`, `created_at`, `updated_at`) VALUES (69, 'Oda', 'Schmitt', '2013-01-13 13:24:09', '2013-07-12 20:16:09');
INSERT INTO `persons` (`id`, `first_name`, `last_name`, `created_at`, `updated_at`) VALUES (70, 'Gage', 'Bogisich', '2019-01-14 22:50:45', '2013-09-21 06:04:25');
INSERT INTO `persons` (`id`, `first_name`, `last_name`, `created_at`, `updated_at`) VALUES (71, 'Angel', 'Mueller', '2017-11-26 14:07:16', '2013-09-14 01:40:05');
INSERT INTO `persons` (`id`, `first_name`, `last_name`, `created_at`, `updated_at`) VALUES (72, 'Chris', 'Gutkowski', '2014-06-26 14:48:51', '2015-11-02 06:20:47');
INSERT INTO `persons` (`id`, `first_name`, `last_name`, `created_at`, `updated_at`) VALUES (73, 'Kristopher', 'Bashirian', '2015-07-08 04:44:18', '2012-04-28 16:10:13');
INSERT INTO `persons` (`id`, `first_name`, `last_name`, `created_at`, `updated_at`) VALUES (74, 'Abbey', 'West', '2012-12-31 23:57:24', '2020-05-12 08:24:24');
INSERT INTO `persons` (`id`, `first_name`, `last_name`, `created_at`, `updated_at`) VALUES (75, 'Cora', 'Toy', '2013-06-20 17:46:28', '2015-10-21 16:28:06');
INSERT INTO `persons` (`id`, `first_name`, `last_name`, `created_at`, `updated_at`) VALUES (76, 'Marco', 'Morissette', '2012-10-28 23:56:48', '2016-11-20 15:41:30');
INSERT INTO `persons` (`id`, `first_name`, `last_name`, `created_at`, `updated_at`) VALUES (77, 'Ulices', 'Cartwright', '2014-04-03 03:02:52', '2016-10-23 22:57:25');
INSERT INTO `persons` (`id`, `first_name`, `last_name`, `created_at`, `updated_at`) VALUES (78, 'Cathrine', 'Lehner', '2012-04-29 11:59:10', '2019-07-02 20:42:59');
INSERT INTO `persons` (`id`, `first_name`, `last_name`, `created_at`, `updated_at`) VALUES (79, 'Hollis', 'Rau', '2018-08-19 00:22:18', '2012-02-20 20:45:49');
INSERT INTO `persons` (`id`, `first_name`, `last_name`, `created_at`, `updated_at`) VALUES (80, 'Ryley', 'Trantow', '2013-06-12 02:35:13', '2012-05-31 04:19:28');
INSERT INTO `persons` (`id`, `first_name`, `last_name`, `created_at`, `updated_at`) VALUES (81, 'Loyce', 'Beahan', '2015-09-18 19:57:23', '2015-09-16 07:33:26');
INSERT INTO `persons` (`id`, `first_name`, `last_name`, `created_at`, `updated_at`) VALUES (82, 'Kory', 'Marks', '2019-02-12 20:00:44', '2020-10-26 01:24:05');
INSERT INTO `persons` (`id`, `first_name`, `last_name`, `created_at`, `updated_at`) VALUES (83, 'Simone', 'Prosacco', '2012-12-06 11:16:09', '2018-03-18 08:15:49');
INSERT INTO `persons` (`id`, `first_name`, `last_name`, `created_at`, `updated_at`) VALUES (84, 'Keshaun', 'Kuhn', '2015-02-19 23:10:55', '2012-04-02 19:46:01');
INSERT INTO `persons` (`id`, `first_name`, `last_name`, `created_at`, `updated_at`) VALUES (85, 'Cicero', 'Heaney', '2018-08-12 21:03:07', '2015-05-16 11:28:42');
INSERT INTO `persons` (`id`, `first_name`, `last_name`, `created_at`, `updated_at`) VALUES (86, 'Nasir', 'Lebsack', '2014-02-25 04:30:55', '2017-08-19 04:08:52');
INSERT INTO `persons` (`id`, `first_name`, `last_name`, `created_at`, `updated_at`) VALUES (87, 'Floyd', 'Little', '2019-08-17 04:57:14', '2018-01-03 20:30:27');
INSERT INTO `persons` (`id`, `first_name`, `last_name`, `created_at`, `updated_at`) VALUES (88, 'Jermain', 'Romaguera', '2011-10-18 12:55:55', '2012-06-16 15:29:29');
INSERT INTO `persons` (`id`, `first_name`, `last_name`, `created_at`, `updated_at`) VALUES (89, 'Hillary', 'Williamson', '2021-03-30 12:15:16', '2011-06-20 14:42:10');
INSERT INTO `persons` (`id`, `first_name`, `last_name`, `created_at`, `updated_at`) VALUES (90, 'Ned', 'Murray', '2017-02-17 10:56:29', '2017-12-31 21:37:48');
INSERT INTO `persons` (`id`, `first_name`, `last_name`, `created_at`, `updated_at`) VALUES (91, 'Natalie', 'Bergstrom', '2016-09-07 06:34:16', '2018-09-07 23:15:26');
INSERT INTO `persons` (`id`, `first_name`, `last_name`, `created_at`, `updated_at`) VALUES (92, 'Mafalda', 'Legros', '2020-02-17 06:23:20', '2011-06-17 21:41:01');
INSERT INTO `persons` (`id`, `first_name`, `last_name`, `created_at`, `updated_at`) VALUES (93, 'Kay', 'Littel', '2020-12-02 03:48:37', '2015-05-09 05:56:38');
INSERT INTO `persons` (`id`, `first_name`, `last_name`, `created_at`, `updated_at`) VALUES (94, 'Martine', 'Hoeger', '2019-11-25 12:31:26', '2020-08-09 22:13:20');
INSERT INTO `persons` (`id`, `first_name`, `last_name`, `created_at`, `updated_at`) VALUES (95, 'Cleveland', 'Kessler', '2014-02-09 19:24:31', '2013-12-26 20:52:38');
INSERT INTO `persons` (`id`, `first_name`, `last_name`, `created_at`, `updated_at`) VALUES (96, 'Melissa', 'O\'Connell', '2020-07-11 02:56:46', '2015-03-18 23:12:35');
INSERT INTO `persons` (`id`, `first_name`, `last_name`, `created_at`, `updated_at`) VALUES (97, 'Kattie', 'Bailey', '2014-08-06 04:54:30', '2017-07-01 17:28:19');
INSERT INTO `persons` (`id`, `first_name`, `last_name`, `created_at`, `updated_at`) VALUES (98, 'Keyon', 'Volkman', '2019-07-05 21:21:14', '2012-08-26 23:54:47');
INSERT INTO `persons` (`id`, `first_name`, `last_name`, `created_at`, `updated_at`) VALUES (99, 'Johnson', 'Ledner', '2017-02-25 23:49:21', '2018-03-03 09:22:49');
INSERT INTO `persons` (`id`, `first_name`, `last_name`, `created_at`, `updated_at`) VALUES (100, 'Kari', 'Marvin', '2011-07-05 10:31:25', '2017-07-19 01:37:40');


#
# TABLE STRUCTURE FOR: persons_bio
#

DROP TABLE IF EXISTS `persons_bio`;

CREATE TABLE `persons_bio` (
  `person_id` int(10) unsigned NOT NULL,
  `gender` enum('m','f') COLLATE utf8mb4_unicode_ci DEFAULT NULL COMMENT 'Пол',
  `birthday` date DEFAULT NULL COMMENT 'Дата рождения',
  `death_day` date DEFAULT NULL COMMENT 'Дата смерти',
  `bio` text COLLATE utf8mb4_unicode_ci NOT NULL COMMENT 'Информация о человеке',
  `country` varchar(130) COLLATE utf8mb4_unicode_ci DEFAULT NULL COMMENT 'Страна проживания',
  `created_at` datetime DEFAULT current_timestamp(),
  `updated_at` datetime DEFAULT current_timestamp() ON UPDATE current_timestamp(),
  PRIMARY KEY (`person_id`)
) ENGINE=InnoDB DEFAULT CHARSET=utf8mb4 COLLATE=utf8mb4_unicode_ci;

INSERT INTO `persons_bio` (`person_id`, `gender`, `birthday`, `death_day`, `bio`, `country`, `created_at`, `updated_at`) VALUES (1, 'm', '1970-12-20', '2001-12-22', 'Nostrum sint magni adipisci dolorem incidunt. Labore odio sit id ut non iure enim.', 'Senegal', '2014-12-26 12:17:47', '2012-11-29 02:31:40');
INSERT INTO `persons_bio` (`person_id`, `gender`, `birthday`, `death_day`, `bio`, `country`, `created_at`, `updated_at`) VALUES (2, 'f', '2004-03-16', '1970-08-02', 'Iusto rerum ea est non laborum illo. Modi qui dignissimos ut suscipit aut itaque.', 'Cuba', '2012-09-04 23:22:27', '2012-04-24 00:30:45');
INSERT INTO `persons_bio` (`person_id`, `gender`, `birthday`, `death_day`, `bio`, `country`, `created_at`, `updated_at`) VALUES (3, 'f', '2000-06-16', '2004-10-05', 'Sit distinctio atque nesciunt. Voluptas alias iusto et maxime itaque placeat et.', 'Jersey', '2015-12-23 16:15:28', '2017-11-26 04:38:12');
INSERT INTO `persons_bio` (`person_id`, `gender`, `birthday`, `death_day`, `bio`, `country`, `created_at`, `updated_at`) VALUES (4, 'm', '1976-09-07', '1995-12-09', 'Hic sed delectus ducimus maxime nam magnam. Hic reprehenderit dicta commodi sed.', 'Oman', '2011-08-04 12:35:48', '2016-08-09 19:44:19');
INSERT INTO `persons_bio` (`person_id`, `gender`, `birthday`, `death_day`, `bio`, `country`, `created_at`, `updated_at`) VALUES (5, 'f', '2018-07-18', '2010-09-19', 'Vero ipsa vel iste veniam. Tempora aliquid ea minus neque tempore esse fugit.', 'Bahamas', '2020-06-21 18:32:15', '2014-02-26 00:56:34');
INSERT INTO `persons_bio` (`person_id`, `gender`, `birthday`, `death_day`, `bio`, `country`, `created_at`, `updated_at`) VALUES (6, 'f', '2009-06-30', '2011-12-27', 'Sequi qui et et est. Inventore ut dignissimos ullam molestias. Vel ab ut aut.', 'Eritrea', '2015-01-31 01:02:44', '2018-10-26 00:59:04');
INSERT INTO `persons_bio` (`person_id`, `gender`, `birthday`, `death_day`, `bio`, `country`, `created_at`, `updated_at`) VALUES (7, 'f', '2001-04-26', '2012-04-25', 'Quas architecto autem quis rerum molestias provident accusamus. Dolore aut dolore ratione.', 'Niue', '2013-09-13 00:11:26', '2018-04-18 20:43:01');
INSERT INTO `persons_bio` (`person_id`, `gender`, `birthday`, `death_day`, `bio`, `country`, `created_at`, `updated_at`) VALUES (8, 'm', '2012-02-02', '1985-05-15', 'Laborum possimus iusto omnis commodi autem. Fugiat temporibus minus et et.', 'Nepal', '2017-11-11 22:34:40', '2020-11-15 12:36:48');
INSERT INTO `persons_bio` (`person_id`, `gender`, `birthday`, `death_day`, `bio`, `country`, `created_at`, `updated_at`) VALUES (9, 'm', '2018-07-19', '1995-04-21', 'Eum expedita et ipsa. Voluptatem ut perspiciatis culpa. Nihil voluptate similique amet velit earum.', 'Papua New Guinea', '2015-08-18 23:52:39', '2012-11-27 14:11:23');
INSERT INTO `persons_bio` (`person_id`, `gender`, `birthday`, `death_day`, `bio`, `country`, `created_at`, `updated_at`) VALUES (10, 'm', '2018-12-30', '2013-05-17', 'Qui animi sit veritatis sunt ullam perspiciatis. Excepturi quis nam qui incidunt.', 'Georgia', '2017-02-13 06:56:11', '2019-02-12 00:36:52');
INSERT INTO `persons_bio` (`person_id`, `gender`, `birthday`, `death_day`, `bio`, `country`, `created_at`, `updated_at`) VALUES (11, 'f', '2001-08-17', '1976-08-12', 'Tempore iure rerum voluptatem et quia. Et consequatur quia distinctio.', 'Saint Lucia', '2020-01-08 18:19:59', '2015-09-11 18:58:15');
INSERT INTO `persons_bio` (`person_id`, `gender`, `birthday`, `death_day`, `bio`, `country`, `created_at`, `updated_at`) VALUES (12, 'f', '2013-01-13', '2014-09-23', 'Inventore iure qui sit excepturi praesentium. Vel in velit hic qui.', 'Burkina Faso', '2012-06-06 07:12:18', '2018-06-06 04:00:36');
INSERT INTO `persons_bio` (`person_id`, `gender`, `birthday`, `death_day`, `bio`, `country`, `created_at`, `updated_at`) VALUES (13, 'm', '1982-08-25', '2009-07-04', 'Id qui voluptas eos et. Excepturi a omnis rerum quis deleniti eum deleniti magnam.', 'Puerto Rico', '2016-10-29 03:10:34', '2018-09-18 18:46:00');
INSERT INTO `persons_bio` (`person_id`, `gender`, `birthday`, `death_day`, `bio`, `country`, `created_at`, `updated_at`) VALUES (14, 'f', '1978-02-27', '1994-03-05', 'Quas non eaque voluptatem tempora. Quasi animi sint et illum sit et. Sed neque unde eius et.', 'Saint Helena', '2013-07-30 00:07:15', '2017-12-07 00:57:34');
INSERT INTO `persons_bio` (`person_id`, `gender`, `birthday`, `death_day`, `bio`, `country`, `created_at`, `updated_at`) VALUES (15, 'f', '1987-04-17', '2019-12-26', 'Ut similique quas voluptate. Quis quos voluptas blanditiis esse consequatur. Atque et alias ea et.', 'Slovenia', '2021-02-24 20:10:51', '2017-12-26 06:13:36');
INSERT INTO `persons_bio` (`person_id`, `gender`, `birthday`, `death_day`, `bio`, `country`, `created_at`, `updated_at`) VALUES (16, 'f', '1981-12-02', '1983-09-27', 'Aut beatae quia et iure aut laboriosam. Dolor laborum perspiciatis autem.', 'Norway', '2019-05-29 20:13:52', '2018-12-06 02:05:00');
INSERT INTO `persons_bio` (`person_id`, `gender`, `birthday`, `death_day`, `bio`, `country`, `created_at`, `updated_at`) VALUES (17, 'f', '1991-04-20', '1981-10-29', 'Ut ex eos eveniet. Quisquam minima ut at. Quis beatae numquam voluptatem ullam aspernatur ducimus.', 'Honduras', '2017-02-21 04:11:24', '2018-01-04 04:22:07');
INSERT INTO `persons_bio` (`person_id`, `gender`, `birthday`, `death_day`, `bio`, `country`, `created_at`, `updated_at`) VALUES (18, 'm', '2014-06-26', '2006-02-14', 'Amet officiis id itaque hic qui architecto aliquid. Et ipsam ut aut facilis.', 'United States of America', '2016-11-07 07:53:35', '2012-09-25 10:17:53');
INSERT INTO `persons_bio` (`person_id`, `gender`, `birthday`, `death_day`, `bio`, `country`, `created_at`, `updated_at`) VALUES (19, 'm', '1987-10-21', '1972-12-16', 'Delectus quis et sit. Fugit repellendus dolores recusandae ipsam voluptatem.', 'Spain', '2019-09-16 21:23:15', '2020-03-16 22:01:14');
INSERT INTO `persons_bio` (`person_id`, `gender`, `birthday`, `death_day`, `bio`, `country`, `created_at`, `updated_at`) VALUES (20, 'f', '1996-09-29', '1985-11-04', 'Dolore quam sunt quia dolorem. Ad commodi natus rerum laudantium quis libero sit.', 'French Polynesia', '2014-12-28 09:25:52', '2012-12-01 01:07:23');
INSERT INTO `persons_bio` (`person_id`, `gender`, `birthday`, `death_day`, `bio`, `country`, `created_at`, `updated_at`) VALUES (21, 'f', '1980-09-03', '1983-03-13', 'Molestias doloremque est quisquam. Quia eum ipsa id quibusdam sint doloribus quis.', 'Nepal', '2019-08-08 02:21:47', '2013-06-25 15:22:18');
INSERT INTO `persons_bio` (`person_id`, `gender`, `birthday`, `death_day`, `bio`, `country`, `created_at`, `updated_at`) VALUES (22, 'f', '1974-05-18', '1983-01-20', 'Et suscipit velit rerum adipisci. Nemo molestiae in deleniti explicabo aperiam ea non deleniti.', 'Peru', '2020-11-03 10:01:09', '2013-03-02 16:08:47');
INSERT INTO `persons_bio` (`person_id`, `gender`, `birthday`, `death_day`, `bio`, `country`, `created_at`, `updated_at`) VALUES (23, 'f', '1991-12-26', '2008-11-22', 'Saepe iusto eos minus fugiat ullam et sit et. Corrupti modi vero sint veritatis voluptatum.', 'Israel', '2019-11-23 07:09:11', '2011-05-28 19:35:59');
INSERT INTO `persons_bio` (`person_id`, `gender`, `birthday`, `death_day`, `bio`, `country`, `created_at`, `updated_at`) VALUES (24, 'f', '1985-10-24', '1993-04-20', 'Fugiat nihil et sit minus molestiae est nobis. Quis ipsum esse quis magnam iste quo.', 'New Zealand', '2013-07-09 05:35:41', '2021-01-28 14:01:21');
INSERT INTO `persons_bio` (`person_id`, `gender`, `birthday`, `death_day`, `bio`, `country`, `created_at`, `updated_at`) VALUES (25, 'f', '1990-08-20', '2014-11-03', 'Velit sequi non eaque quae. Totam et et at unde deleniti. Neque in nisi qui ratione.', 'Greenland', '2020-11-10 00:56:40', '2012-01-12 02:38:17');
INSERT INTO `persons_bio` (`person_id`, `gender`, `birthday`, `death_day`, `bio`, `country`, `created_at`, `updated_at`) VALUES (26, 'm', '1991-02-19', '1988-01-03', 'Eveniet in non pariatur aspernatur aut vitae iure voluptas. Et esse vel et aut rerum quae ut.', 'Tajikistan', '2016-09-03 04:57:13', '2012-06-12 17:20:46');
INSERT INTO `persons_bio` (`person_id`, `gender`, `birthday`, `death_day`, `bio`, `country`, `created_at`, `updated_at`) VALUES (27, 'f', '2019-01-29', '1990-10-29', 'Ea ea est ipsam. Excepturi dolorum aut aut.', 'Puerto Rico', '2018-06-05 04:36:33', '2011-06-21 03:12:35');
INSERT INTO `persons_bio` (`person_id`, `gender`, `birthday`, `death_day`, `bio`, `country`, `created_at`, `updated_at`) VALUES (28, 'f', '2003-04-01', '1990-06-08', 'Nisi nihil et omnis fugit repudiandae. Quos aspernatur explicabo animi vel.', 'Heard Island and McDonald Islands', '2011-05-14 06:45:19', '2013-05-08 04:10:29');
INSERT INTO `persons_bio` (`person_id`, `gender`, `birthday`, `death_day`, `bio`, `country`, `created_at`, `updated_at`) VALUES (29, 'm', '1979-06-26', '2013-04-15', 'Facere quos inventore autem sequi velit in. Tempora ut rem quis.', 'Morocco', '2014-11-26 06:07:35', '2021-03-19 22:49:34');
INSERT INTO `persons_bio` (`person_id`, `gender`, `birthday`, `death_day`, `bio`, `country`, `created_at`, `updated_at`) VALUES (30, 'f', '2010-01-06', '1978-10-05', 'Odit et sed in eos temporibus doloremque. Aspernatur id blanditiis sit qui. In natus numquam rerum.', 'United Kingdom', '2014-09-08 19:10:06', '2018-04-15 17:54:17');
INSERT INTO `persons_bio` (`person_id`, `gender`, `birthday`, `death_day`, `bio`, `country`, `created_at`, `updated_at`) VALUES (31, 'f', '2003-07-22', '1987-02-22', 'Impedit perspiciatis minus et odit. Maiores rerum ut magni facilis ad. Quis fugit id quia et.', 'Mauritius', '2020-10-31 04:11:23', '2012-10-09 01:57:43');
INSERT INTO `persons_bio` (`person_id`, `gender`, `birthday`, `death_day`, `bio`, `country`, `created_at`, `updated_at`) VALUES (32, 'f', '2005-11-08', '1994-04-07', 'Qui saepe natus nam eos. Ducimus corporis at et.', 'Liechtenstein', '2014-06-16 07:46:27', '2013-09-08 08:40:57');
INSERT INTO `persons_bio` (`person_id`, `gender`, `birthday`, `death_day`, `bio`, `country`, `created_at`, `updated_at`) VALUES (33, 'm', '1991-09-10', '1973-01-10', 'Ut laudantium qui eveniet et. Corrupti sit veniam quod. Eos est quaerat incidunt rerum.', 'Seychelles', '2015-12-25 01:31:32', '2015-11-13 16:43:53');
INSERT INTO `persons_bio` (`person_id`, `gender`, `birthday`, `death_day`, `bio`, `country`, `created_at`, `updated_at`) VALUES (34, 'm', '1974-12-17', '1981-12-31', 'Vitae ipsa qui rerum. Nobis et et aperiam occaecati rerum.', 'Bhutan', '2013-02-21 19:32:46', '2011-08-30 05:30:02');
INSERT INTO `persons_bio` (`person_id`, `gender`, `birthday`, `death_day`, `bio`, `country`, `created_at`, `updated_at`) VALUES (35, 'm', '2014-12-07', '2007-03-03', 'Itaque voluptas eos aut aliquid. Reiciendis expedita non quia voluptatem omnis accusamus.', 'Luxembourg', '2016-01-17 12:54:35', '2013-10-22 00:34:54');
INSERT INTO `persons_bio` (`person_id`, `gender`, `birthday`, `death_day`, `bio`, `country`, `created_at`, `updated_at`) VALUES (36, 'f', '1984-05-26', '1995-03-07', 'Numquam ea minima odio autem quisquam voluptatibus. Dolor sint beatae velit excepturi eveniet.', 'Romania', '2017-12-24 01:43:56', '2019-09-07 19:58:08');
INSERT INTO `persons_bio` (`person_id`, `gender`, `birthday`, `death_day`, `bio`, `country`, `created_at`, `updated_at`) VALUES (37, 'f', '1999-10-04', '2001-05-15', 'Distinctio quo ut nostrum voluptas sequi. Dolorum explicabo eos rerum. Eum ut temporibus sed.', 'Uruguay', '2013-08-23 10:13:28', '2015-07-13 17:43:29');
INSERT INTO `persons_bio` (`person_id`, `gender`, `birthday`, `death_day`, `bio`, `country`, `created_at`, `updated_at`) VALUES (38, 'f', '1989-07-23', '2014-02-21', 'Et dolores vel atque et minima reprehenderit debitis. Est ad maxime nulla et ut.', 'Jordan', '2017-08-15 02:04:54', '2015-12-07 08:16:37');
INSERT INTO `persons_bio` (`person_id`, `gender`, `birthday`, `death_day`, `bio`, `country`, `created_at`, `updated_at`) VALUES (39, 'f', '2013-09-08', '1988-10-02', 'Unde est tempore qui incidunt veritatis vero et. Qui fugit corrupti distinctio.', 'Jordan', '2013-05-01 07:39:00', '2017-06-23 05:18:02');
INSERT INTO `persons_bio` (`person_id`, `gender`, `birthday`, `death_day`, `bio`, `country`, `created_at`, `updated_at`) VALUES (40, 'f', '2002-06-08', '2003-05-14', 'Eos hic corrupti consequatur ducimus. Odit at tempora aut consectetur.', 'Suriname', '2015-11-19 02:15:08', '2019-07-24 14:57:57');
INSERT INTO `persons_bio` (`person_id`, `gender`, `birthday`, `death_day`, `bio`, `country`, `created_at`, `updated_at`) VALUES (41, 'f', '2010-05-03', '2000-02-29', 'Est consequatur alias ex blanditiis sequi sunt qui ut. Non dolore aut quasi deserunt.', 'Cote d\'Ivoire', '2016-09-06 08:56:40', '2016-06-11 02:23:11');
INSERT INTO `persons_bio` (`person_id`, `gender`, `birthday`, `death_day`, `bio`, `country`, `created_at`, `updated_at`) VALUES (42, 'f', '1978-09-05', '1972-07-10', 'Ut odio sequi id nobis eos et et. Aperiam dolorum consequatur magni.', 'French Polynesia', '2018-06-30 03:22:31', '2012-01-02 20:54:41');
INSERT INTO `persons_bio` (`person_id`, `gender`, `birthday`, `death_day`, `bio`, `country`, `created_at`, `updated_at`) VALUES (43, 'f', '1999-02-08', '1998-10-15', 'Excepturi deserunt sed officia officiis sit. Accusamus facilis dolorem odio eligendi aut.', 'Angola', '2015-08-14 19:02:42', '2011-11-01 13:43:19');
INSERT INTO `persons_bio` (`person_id`, `gender`, `birthday`, `death_day`, `bio`, `country`, `created_at`, `updated_at`) VALUES (44, 'm', '2013-10-17', '2009-02-28', 'Et est eos velit rem sunt quae. Et blanditiis sapiente id. Cum corporis vel incidunt illo modi.', 'Liberia', '2012-07-25 04:28:33', '2012-01-03 15:17:27');
INSERT INTO `persons_bio` (`person_id`, `gender`, `birthday`, `death_day`, `bio`, `country`, `created_at`, `updated_at`) VALUES (45, 'm', '1983-07-05', '2002-03-02', 'Ipsam non omnis cumque odio qui ratione aut. Asperiores tempore porro et molestias tempore ea.', 'Uganda', '2020-09-10 12:34:47', '2017-09-05 17:31:15');
INSERT INTO `persons_bio` (`person_id`, `gender`, `birthday`, `death_day`, `bio`, `country`, `created_at`, `updated_at`) VALUES (46, 'm', '1988-02-19', '2004-08-26', 'Rerum ea pariatur quo sed. Vel eligendi eos optio est nostrum quidem numquam.', 'Belarus', '2015-10-04 02:46:36', '2020-12-31 02:42:30');
INSERT INTO `persons_bio` (`person_id`, `gender`, `birthday`, `death_day`, `bio`, `country`, `created_at`, `updated_at`) VALUES (47, 'm', '1972-01-13', '1983-09-24', 'Nostrum est in sed ex nemo et quas sunt. Iure quidem sed beatae sint velit fuga.', 'Senegal', '2018-03-14 07:26:20', '2013-10-25 14:10:15');
INSERT INTO `persons_bio` (`person_id`, `gender`, `birthday`, `death_day`, `bio`, `country`, `created_at`, `updated_at`) VALUES (48, 'm', '1989-02-06', '2015-09-28', 'Non dicta labore amet laborum ea. Quas quasi assumenda qui vel a. Qui ipsam saepe et laborum.', 'American Samoa', '2014-02-09 05:20:36', '2020-09-27 07:30:01');
INSERT INTO `persons_bio` (`person_id`, `gender`, `birthday`, `death_day`, `bio`, `country`, `created_at`, `updated_at`) VALUES (49, 'm', '1971-10-19', '1970-12-14', 'Alias porro ex labore similique quae omnis tempore. Nobis repellat aut vero cumque tenetur ut.', 'Vanuatu', '2017-12-20 12:49:04', '2018-07-28 10:54:11');
INSERT INTO `persons_bio` (`person_id`, `gender`, `birthday`, `death_day`, `bio`, `country`, `created_at`, `updated_at`) VALUES (50, 'm', '1972-05-01', '2015-02-21', 'Voluptas aut id voluptates. Exercitationem ut qui autem veniam qui quo voluptatem placeat.', 'Japan', '2014-01-11 18:24:48', '2018-12-15 06:22:37');
INSERT INTO `persons_bio` (`person_id`, `gender`, `birthday`, `death_day`, `bio`, `country`, `created_at`, `updated_at`) VALUES (51, 'm', '1997-07-22', '2018-03-21', 'Quia esse et eveniet. Iste ut consequatur quia.', 'Kiribati', '2016-03-07 12:06:25', '2020-09-03 18:47:55');
INSERT INTO `persons_bio` (`person_id`, `gender`, `birthday`, `death_day`, `bio`, `country`, `created_at`, `updated_at`) VALUES (52, 'f', '2002-08-27', '1993-04-25', 'Quod deleniti ullam eius earum id provident. Ea expedita qui qui id nemo.', 'Bulgaria', '2016-08-13 10:18:53', '2015-11-20 07:53:59');
INSERT INTO `persons_bio` (`person_id`, `gender`, `birthday`, `death_day`, `bio`, `country`, `created_at`, `updated_at`) VALUES (53, 'f', '1974-05-29', '1976-12-23', 'Veniam ut facilis libero iste. Ut iste aspernatur culpa itaque illo est qui. Et vitae illum a sit.', 'Azerbaijan', '2015-08-13 07:08:04', '2020-02-07 18:15:10');
INSERT INTO `persons_bio` (`person_id`, `gender`, `birthday`, `death_day`, `bio`, `country`, `created_at`, `updated_at`) VALUES (54, 'f', '1997-06-23', '2000-02-25', 'Consequuntur autem possimus maxime officia. Officia qui dolor eos et.', 'Gabon', '2020-05-28 10:53:58', '2014-08-05 09:31:54');
INSERT INTO `persons_bio` (`person_id`, `gender`, `birthday`, `death_day`, `bio`, `country`, `created_at`, `updated_at`) VALUES (55, 'm', '2006-02-23', '1980-02-05', 'Ea et tenetur reprehenderit. Autem quia reprehenderit voluptas ipsam explicabo ipsam vero.', 'Chad', '2014-02-25 15:12:08', '2016-03-18 20:25:39');
INSERT INTO `persons_bio` (`person_id`, `gender`, `birthday`, `death_day`, `bio`, `country`, `created_at`, `updated_at`) VALUES (56, 'f', '2002-01-20', '2011-08-24', 'Dicta nisi itaque aperiam amet est nulla non. Ab voluptatibus est eos pariatur rerum porro.', 'Samoa', '2014-11-29 06:28:43', '2018-04-07 14:14:26');
INSERT INTO `persons_bio` (`person_id`, `gender`, `birthday`, `death_day`, `bio`, `country`, `created_at`, `updated_at`) VALUES (57, 'm', '1982-02-20', '1972-03-17', 'Illum earum eius dolores ipsum. Perferendis aut animi ut. Fuga sint ad et qui.', 'Cote d\'Ivoire', '2013-04-14 15:07:14', '2015-01-20 01:55:05');
INSERT INTO `persons_bio` (`person_id`, `gender`, `birthday`, `death_day`, `bio`, `country`, `created_at`, `updated_at`) VALUES (58, 'm', '2012-07-13', '2005-06-24', 'Id incidunt deserunt dignissimos. Ex nemo est tenetur vel.', 'Chile', '2020-11-19 02:42:28', '2015-03-16 08:43:43');
INSERT INTO `persons_bio` (`person_id`, `gender`, `birthday`, `death_day`, `bio`, `country`, `created_at`, `updated_at`) VALUES (59, 'm', '1995-10-19', '2007-06-22', 'Et occaecati eveniet quaerat. Sit beatae et error. Dolor et et sit laborum vitae sint.', 'Svalbard & Jan Mayen Islands', '2019-06-10 16:14:17', '2013-07-08 11:45:56');
INSERT INTO `persons_bio` (`person_id`, `gender`, `birthday`, `death_day`, `bio`, `country`, `created_at`, `updated_at`) VALUES (60, 'f', '1974-08-27', '1970-06-23', 'Amet libero illo ducimus mollitia. Sunt aliquam sint distinctio. Sapiente modi in officia ullam.', 'Turks and Caicos Islands', '2013-11-16 06:39:12', '2013-02-19 21:22:56');
INSERT INTO `persons_bio` (`person_id`, `gender`, `birthday`, `death_day`, `bio`, `country`, `created_at`, `updated_at`) VALUES (61, 'f', '2008-06-15', '2005-12-28', 'Accusantium autem quo quia. Iusto distinctio molestiae quis repellendus esse voluptatem.', 'Jordan', '2019-06-05 01:04:12', '2019-10-29 03:16:06');
INSERT INTO `persons_bio` (`person_id`, `gender`, `birthday`, `death_day`, `bio`, `country`, `created_at`, `updated_at`) VALUES (62, 'm', '1973-01-19', '1975-01-07', 'Excepturi consequatur ut aut. Similique velit ut natus culpa dolores et. Sequi veritatis et neque.', 'Philippines', '2021-04-02 21:05:42', '2013-09-07 10:55:01');
INSERT INTO `persons_bio` (`person_id`, `gender`, `birthday`, `death_day`, `bio`, `country`, `created_at`, `updated_at`) VALUES (63, 'm', '2017-10-15', '2011-09-07', 'Ut quaerat autem dolorum animi. Ea commodi ea quia facere commodi temporibus.', 'Monaco', '2020-09-29 16:47:22', '2014-09-18 18:53:09');
INSERT INTO `persons_bio` (`person_id`, `gender`, `birthday`, `death_day`, `bio`, `country`, `created_at`, `updated_at`) VALUES (64, 'm', '1983-06-04', '1973-01-06', 'Tenetur est ea et harum et totam vero. Sunt quisquam non iste earum ullam exercitationem.', 'Netherlands', '2012-09-18 04:31:18', '2011-05-15 02:50:13');
INSERT INTO `persons_bio` (`person_id`, `gender`, `birthday`, `death_day`, `bio`, `country`, `created_at`, `updated_at`) VALUES (65, 'f', '2020-09-15', '1982-07-22', 'Aliquam dolor sapiente odit mollitia omnis ex. Tempore et vel accusamus eum.', 'Cape Verde', '2015-10-25 05:48:02', '2015-12-05 21:06:12');
INSERT INTO `persons_bio` (`person_id`, `gender`, `birthday`, `death_day`, `bio`, `country`, `created_at`, `updated_at`) VALUES (66, 'f', '2006-06-02', '2013-01-22', 'Deleniti esse assumenda eaque magni. Consequatur dicta rem aperiam qui occaecati.', 'Pakistan', '2013-12-14 06:34:31', '2012-11-21 21:14:45');
INSERT INTO `persons_bio` (`person_id`, `gender`, `birthday`, `death_day`, `bio`, `country`, `created_at`, `updated_at`) VALUES (67, 'm', '1988-04-26', '1997-07-08', 'Fugit excepturi impedit tempora distinctio id. In non qui quia sunt.', 'Estonia', '2016-10-04 09:36:46', '2012-05-18 10:36:58');
INSERT INTO `persons_bio` (`person_id`, `gender`, `birthday`, `death_day`, `bio`, `country`, `created_at`, `updated_at`) VALUES (68, 'm', '1988-10-19', '2016-09-26', 'Qui ut voluptatem aut ab. Neque atque sit iste illum.', 'Pakistan', '2013-06-15 02:01:07', '2014-04-14 08:38:40');
INSERT INTO `persons_bio` (`person_id`, `gender`, `birthday`, `death_day`, `bio`, `country`, `created_at`, `updated_at`) VALUES (69, 'm', '2002-06-24', '2018-04-22', 'Sed in et et numquam enim. Suscipit modi sit quod nesciunt eligendi eum. Quidem quibusdam ut optio.', 'Croatia', '2017-07-11 13:24:18', '2012-01-15 13:29:28');
INSERT INTO `persons_bio` (`person_id`, `gender`, `birthday`, `death_day`, `bio`, `country`, `created_at`, `updated_at`) VALUES (70, 'f', '2002-03-25', '1995-02-18', 'Tenetur magnam qui occaecati modi. Ut possimus et qui tempora.', 'Italy', '2016-03-16 03:30:46', '2016-06-12 15:24:53');
INSERT INTO `persons_bio` (`person_id`, `gender`, `birthday`, `death_day`, `bio`, `country`, `created_at`, `updated_at`) VALUES (71, 'f', '2011-03-28', '1992-06-21', 'Qui aut praesentium aut distinctio consequatur. Veritatis ab sapiente dicta odio quasi.', 'Mexico', '2011-07-22 19:02:22', '2020-04-18 17:59:13');
INSERT INTO `persons_bio` (`person_id`, `gender`, `birthday`, `death_day`, `bio`, `country`, `created_at`, `updated_at`) VALUES (72, 'm', '1992-07-04', '2004-08-28', 'Architecto odit a ut. Eveniet omnis non laudantium et qui. Mollitia eveniet enim quia ut excepturi.', 'Palestinian Territory', '2013-03-24 16:34:33', '2012-07-15 16:36:02');
INSERT INTO `persons_bio` (`person_id`, `gender`, `birthday`, `death_day`, `bio`, `country`, `created_at`, `updated_at`) VALUES (73, 'f', '1995-02-26', '2004-09-27', 'Veritatis aspernatur quos excepturi ea magnam pariatur ab beatae. Perferendis quis quis sed illo.', 'Tuvalu', '2012-04-19 22:44:49', '2014-12-31 14:34:53');
INSERT INTO `persons_bio` (`person_id`, `gender`, `birthday`, `death_day`, `bio`, `country`, `created_at`, `updated_at`) VALUES (74, 'm', '1995-02-04', '1994-04-28', 'Est sint qui tenetur aut sit ad ex. Ut est voluptatem sit est. Optio aliquid esse est assumenda.', 'Macao', '2015-03-18 17:18:13', '2011-05-09 02:48:53');
INSERT INTO `persons_bio` (`person_id`, `gender`, `birthday`, `death_day`, `bio`, `country`, `created_at`, `updated_at`) VALUES (75, 'f', '1988-08-21', '2005-06-01', 'Vitae similique mollitia delectus. Maiores ullam ut nihil asperiores fugit.', 'Rwanda', '2012-08-23 10:33:09', '2016-10-31 04:32:46');
INSERT INTO `persons_bio` (`person_id`, `gender`, `birthday`, `death_day`, `bio`, `country`, `created_at`, `updated_at`) VALUES (76, 'm', '2013-01-31', '1985-09-21', 'Sapiente nisi atque velit nobis perferendis quis quod. Magni quia aut est dignissimos illo.', 'Falkland Islands (Malvinas)', '2020-06-28 22:31:23', '2012-08-15 07:43:42');
INSERT INTO `persons_bio` (`person_id`, `gender`, `birthday`, `death_day`, `bio`, `country`, `created_at`, `updated_at`) VALUES (77, 'm', '1993-05-10', '1975-07-24', 'Sequi exercitationem dolor molestiae velit harum enim. Et expedita unde in voluptatem nam ut.', 'United States Minor Outlying Islands', '2021-03-16 04:19:55', '2018-06-18 09:31:09');
INSERT INTO `persons_bio` (`person_id`, `gender`, `birthday`, `death_day`, `bio`, `country`, `created_at`, `updated_at`) VALUES (78, 'f', '2005-02-04', '1988-07-21', 'Consequuntur est non quia iure exercitationem. Nobis rerum quae dolor natus sapiente.', 'Macedonia', '2014-02-19 02:24:37', '2012-09-15 17:01:44');
INSERT INTO `persons_bio` (`person_id`, `gender`, `birthday`, `death_day`, `bio`, `country`, `created_at`, `updated_at`) VALUES (79, 'm', '2017-02-15', '1997-04-26', 'Esse nihil dolorem ut provident odio consequatur qui. Illum aliquid quibusdam et iusto.', 'Senegal', '2019-04-30 07:56:22', '2019-12-25 21:07:39');
INSERT INTO `persons_bio` (`person_id`, `gender`, `birthday`, `death_day`, `bio`, `country`, `created_at`, `updated_at`) VALUES (80, 'f', '1992-03-24', '2020-03-23', 'Ducimus ut ipsam quae rerum sapiente dolorum. Praesentium qui vel adipisci sit autem.', 'Guinea', '2020-08-10 19:24:30', '2021-03-23 04:28:34');
INSERT INTO `persons_bio` (`person_id`, `gender`, `birthday`, `death_day`, `bio`, `country`, `created_at`, `updated_at`) VALUES (81, 'f', '1972-08-31', '1988-08-17', 'Et maxime voluptate dolores veniam. Ea incidunt nam deserunt id.', 'Tonga', '2012-07-29 05:27:22', '2020-04-09 08:23:47');
INSERT INTO `persons_bio` (`person_id`, `gender`, `birthday`, `death_day`, `bio`, `country`, `created_at`, `updated_at`) VALUES (82, 'm', '2021-01-11', '1992-04-09', 'Natus esse nulla odit cumque. Dicta at accusamus quasi odit corporis voluptas.', 'Norway', '2017-10-18 18:12:19', '2018-12-11 21:58:07');
INSERT INTO `persons_bio` (`person_id`, `gender`, `birthday`, `death_day`, `bio`, `country`, `created_at`, `updated_at`) VALUES (83, 'm', '2001-12-26', '2005-07-14', 'Sint atque quae qui. Iusto sed ut ab. Corporis ab debitis voluptas magni quibusdam laborum.', 'Greece', '2012-11-16 00:43:35', '2020-09-30 15:06:32');
INSERT INTO `persons_bio` (`person_id`, `gender`, `birthday`, `death_day`, `bio`, `country`, `created_at`, `updated_at`) VALUES (84, 'm', '2013-03-30', '1970-11-22', 'Voluptatem nihil commodi qui ipsum et. Dolores quisquam et occaecati molestiae.', 'Seychelles', '2021-03-15 23:27:59', '2012-12-19 02:33:31');
INSERT INTO `persons_bio` (`person_id`, `gender`, `birthday`, `death_day`, `bio`, `country`, `created_at`, `updated_at`) VALUES (85, 'm', '2016-03-31', '2006-08-27', 'Numquam cum reiciendis laudantium. Impedit molestiae rem in. Modi maiores impedit sequi aspernatur.', 'Switzerland', '2018-11-23 10:52:37', '2015-10-24 08:20:31');
INSERT INTO `persons_bio` (`person_id`, `gender`, `birthday`, `death_day`, `bio`, `country`, `created_at`, `updated_at`) VALUES (86, 'f', '2019-10-19', '1991-10-07', 'Quibusdam est laborum voluptatem totam. Nisi non eius aut ipsum eos saepe.', 'Mexico', '2015-11-30 11:25:27', '2019-08-19 23:11:41');
INSERT INTO `persons_bio` (`person_id`, `gender`, `birthday`, `death_day`, `bio`, `country`, `created_at`, `updated_at`) VALUES (87, 'm', '1981-11-14', '1997-03-12', 'Iusto iusto exercitationem aspernatur dolorem. Labore vel quia facere sunt.', 'Netherlands', '2016-02-07 06:12:29', '2015-06-02 14:31:53');
INSERT INTO `persons_bio` (`person_id`, `gender`, `birthday`, `death_day`, `bio`, `country`, `created_at`, `updated_at`) VALUES (88, 'm', '2014-04-06', '1976-11-06', 'Itaque doloremque veniam expedita quam est fugit. Soluta velit nostrum commodi dicta sunt vel.', 'Fiji', '2011-04-29 18:19:09', '2012-02-20 08:10:28');
INSERT INTO `persons_bio` (`person_id`, `gender`, `birthday`, `death_day`, `bio`, `country`, `created_at`, `updated_at`) VALUES (89, 'm', '2001-04-05', '2011-05-13', 'Nesciunt quis eaque id quia dolor quisquam. Natus voluptatibus modi totam nulla ea.', 'Hong Kong', '2020-08-26 02:34:29', '2017-06-14 04:47:54');
INSERT INTO `persons_bio` (`person_id`, `gender`, `birthday`, `death_day`, `bio`, `country`, `created_at`, `updated_at`) VALUES (90, 'm', '2011-04-17', '1978-06-08', 'Error saepe et modi dolorem et fugit dolor. Consequatur qui expedita similique.', 'Gambia', '2014-04-14 19:02:17', '2013-05-04 03:04:21');
INSERT INTO `persons_bio` (`person_id`, `gender`, `birthday`, `death_day`, `bio`, `country`, `created_at`, `updated_at`) VALUES (91, 'm', '1976-04-20', '2006-03-28', 'Porro a sit eum voluptatem doloribus. Et sit sed quo. Iste modi culpa autem.', 'United States Minor Outlying Islands', '2018-05-01 01:28:20', '2020-03-14 14:37:37');
INSERT INTO `persons_bio` (`person_id`, `gender`, `birthday`, `death_day`, `bio`, `country`, `created_at`, `updated_at`) VALUES (92, 'm', '1987-07-10', '2002-07-22', 'Esse soluta et in eum ut. Veniam nihil corrupti magni sunt autem corporis.', 'Bolivia', '2018-02-27 04:19:04', '2019-01-25 01:31:47');
INSERT INTO `persons_bio` (`person_id`, `gender`, `birthday`, `death_day`, `bio`, `country`, `created_at`, `updated_at`) VALUES (93, 'm', '1986-12-19', '1980-11-20', 'Aliquid voluptatem vitae consequatur et qui omnis placeat. Asperiores minima odio vero.', 'Kyrgyz Republic', '2015-12-30 12:48:40', '2016-07-18 00:44:12');
INSERT INTO `persons_bio` (`person_id`, `gender`, `birthday`, `death_day`, `bio`, `country`, `created_at`, `updated_at`) VALUES (94, 'f', '1999-06-01', '1975-04-13', 'Quo culpa doloremque et dolorum. Eligendi cupiditate sint deleniti et libero velit.', 'Argentina', '2016-03-31 14:50:29', '2019-10-26 21:01:31');
INSERT INTO `persons_bio` (`person_id`, `gender`, `birthday`, `death_day`, `bio`, `country`, `created_at`, `updated_at`) VALUES (95, 'f', '2017-01-29', '1980-07-16', 'Autem harum pariatur autem qui. Ea velit et recusandae vitae commodi.', 'United Kingdom', '2020-01-29 23:47:33', '2019-07-08 03:16:26');
INSERT INTO `persons_bio` (`person_id`, `gender`, `birthday`, `death_day`, `bio`, `country`, `created_at`, `updated_at`) VALUES (96, 'f', '1993-11-13', '2008-08-31', 'Ipsa eos ad quam magnam. Corrupti voluptate architecto officia. Officia fugit qui quis corrupti.', 'Kyrgyz Republic', '2019-10-20 07:30:08', '2013-09-13 07:55:29');
INSERT INTO `persons_bio` (`person_id`, `gender`, `birthday`, `death_day`, `bio`, `country`, `created_at`, `updated_at`) VALUES (97, 'f', '1977-01-19', '1985-03-20', 'Quis rerum labore et aut laudantium et exercitationem illo. Mollitia occaecati ab quae est.', 'Guam', '2014-02-08 21:52:24', '2011-11-13 16:07:04');
INSERT INTO `persons_bio` (`person_id`, `gender`, `birthday`, `death_day`, `bio`, `country`, `created_at`, `updated_at`) VALUES (98, 'm', '2008-07-29', '2020-01-13', 'Sed nihil sed velit mollitia similique. Aut in sint id ab minima. Qui sint non provident fugiat.', 'Bangladesh', '2013-09-24 07:21:41', '2020-05-11 23:05:55');
INSERT INTO `persons_bio` (`person_id`, `gender`, `birthday`, `death_day`, `bio`, `country`, `created_at`, `updated_at`) VALUES (99, 'm', '1998-08-29', '1974-04-29', 'Tempora itaque porro eius harum. Et sit non vel. Quia deserunt et quia unde in.', 'Eritrea', '2020-03-30 03:57:09', '2020-01-19 14:14:59');
INSERT INTO `persons_bio` (`person_id`, `gender`, `birthday`, `death_day`, `bio`, `country`, `created_at`, `updated_at`) VALUES (100, 'm', '1995-02-25', '2001-01-02', 'Qui magni et molestias et. Tempore beatae quia exercitationem magnam magni.', 'Reunion', '2012-02-03 02:46:38', '2012-03-23 01:23:00');


#
# TABLE STRUCTURE FOR: reviews
#

DROP TABLE IF EXISTS `reviews`;

CREATE TABLE `reviews` (
  `user_id` int(10) unsigned NOT NULL COMMENT 'Пользователь написавший рецензию',
  `video_id` int(10) unsigned NOT NULL,
  `body` text COLLATE utf8mb4_unicode_ci NOT NULL COMMENT 'Текст рецензии',
  `created_at` datetime DEFAULT current_timestamp(),
  `updated_at` datetime DEFAULT current_timestamp() ON UPDATE current_timestamp(),
  PRIMARY KEY (`user_id`,`video_id`)
) ENGINE=InnoDB DEFAULT CHARSET=utf8mb4 COLLATE=utf8mb4_unicode_ci;

INSERT INTO `reviews` (`user_id`, `video_id`, `body`, `created_at`, `updated_at`) VALUES (1, 71, 'Then they all spoke at once, in a hurry: a large kitchen, which was immediately suppressed by the.', '2014-01-26 15:14:37', '2017-01-21 08:15:00');
INSERT INTO `reviews` (`user_id`, `video_id`, `body`, `created_at`, `updated_at`) VALUES (1, 75, 'King, \'and don\'t look at them--\'I wish they\'d get the trial one way of nursing it, (which was to.', '2013-03-19 14:47:24', '2017-11-09 04:20:15');
INSERT INTO `reviews` (`user_id`, `video_id`, `body`, `created_at`, `updated_at`) VALUES (1, 91, 'ARE OLD, FATHER WILLIAM,\' to the King, \'or I\'ll have you executed on the top of his teacup instead.', '2021-04-21 15:46:11', '2016-08-05 09:06:56');
INSERT INTO `reviews` (`user_id`, `video_id`, `body`, `created_at`, `updated_at`) VALUES (2, 79, 'I shall have to ask his neighbour to tell him. \'A nice muddle their slates\'ll be in Bill\'s place.', '2011-10-20 16:29:59', '2015-04-09 06:39:23');
INSERT INTO `reviews` (`user_id`, `video_id`, `body`, `created_at`, `updated_at`) VALUES (4, 52, 'Cheshire Cat, she was now, and she felt that it would be so easily offended!\' \'You\'ll get used to.', '2020-07-11 07:31:04', '2015-10-30 09:20:00');
INSERT INTO `reviews` (`user_id`, `video_id`, `body`, `created_at`, `updated_at`) VALUES (5, 79, 'I\'M a Duchess,\' she said to live. \'I\'ve seen hatters before,\' she said to the other, saying, in a.', '2014-10-11 23:21:06', '2015-11-25 09:02:57');
INSERT INTO `reviews` (`user_id`, `video_id`, `body`, `created_at`, `updated_at`) VALUES (5, 96, 'Alice went on in a twinkling! Half-past one, time for dinner!\' (\'I only wish they WOULD not.', '2014-03-19 18:43:37', '2012-06-23 18:52:12');
INSERT INTO `reviews` (`user_id`, `video_id`, `body`, `created_at`, `updated_at`) VALUES (6, 72, 'Heads below!\' (a loud crash)--\'Now, who did that?--It was Bill, I fancy--Who\'s to go near the King.', '2019-12-10 01:46:35', '2015-03-20 04:59:42');
INSERT INTO `reviews` (`user_id`, `video_id`, `body`, `created_at`, `updated_at`) VALUES (7, 67, 'Go on!\' \'I\'m a poor man, your Majesty,\' said Two, in a hurry: a large cauldron which seemed to be.', '2017-06-21 22:13:28', '2020-06-29 20:12:06');
INSERT INTO `reviews` (`user_id`, `video_id`, `body`, `created_at`, `updated_at`) VALUES (8, 72, 'Dormouse followed him: the March Hare. Visit either you like: they\'re both mad.\' \'But I don\'t put.', '2020-03-06 15:57:14', '2015-10-25 20:24:47');
INSERT INTO `reviews` (`user_id`, `video_id`, `body`, `created_at`, `updated_at`) VALUES (10, 48, 'At this the whole party at once in the kitchen that did not sneeze, were the verses to himself:.', '2021-03-18 20:09:39', '2013-11-24 00:10:18');
INSERT INTO `reviews` (`user_id`, `video_id`, `body`, `created_at`, `updated_at`) VALUES (10, 70, 'March.\' As she said to the seaside once in the night? Let me see: I\'ll give them a new idea to.', '2011-09-05 11:22:42', '2019-07-03 21:04:50');
INSERT INTO `reviews` (`user_id`, `video_id`, `body`, `created_at`, `updated_at`) VALUES (11, 49, 'Duchess to play croquet.\' Then they all moved off, and found that, as nearly as she had never been.', '2012-08-30 21:38:32', '2021-04-08 01:57:32');
INSERT INTO `reviews` (`user_id`, `video_id`, `body`, `created_at`, `updated_at`) VALUES (12, 9, 'The poor little juror (it was exactly three inches high). \'But I\'m not used to come down the.', '2016-02-16 05:59:51', '2015-09-26 06:05:42');
INSERT INTO `reviews` (`user_id`, `video_id`, `body`, `created_at`, `updated_at`) VALUES (12, 22, 'I\'d been the whiting,\' said Alice, and tried to say than his first remark, \'It was the Hatter. \'I.', '2015-10-19 02:15:27', '2017-07-10 03:03:52');
INSERT INTO `reviews` (`user_id`, `video_id`, `body`, `created_at`, `updated_at`) VALUES (12, 54, 'First, because I\'m on the back. However, it was very glad to do anything but sit with its tongue.', '2017-10-24 05:38:18', '2020-01-04 22:43:47');
INSERT INTO `reviews` (`user_id`, `video_id`, `body`, `created_at`, `updated_at`) VALUES (13, 26, 'Alice and all the things between whiles.\' \'Then you keep moving round, I suppose?\' said Alice..', '2013-07-22 16:52:56', '2021-04-04 02:00:28');
INSERT INTO `reviews` (`user_id`, `video_id`, `body`, `created_at`, `updated_at`) VALUES (13, 29, 'Alice went on, very much what would happen next. \'It\'s--it\'s a very melancholy voice. \'Repeat,.', '2019-01-25 04:25:48', '2018-08-08 10:54:44');
INSERT INTO `reviews` (`user_id`, `video_id`, `body`, `created_at`, `updated_at`) VALUES (13, 59, 'I!\' he replied. \'We quarrelled last March--just before HE went mad, you know--\' \'What did they.', '2012-07-25 15:40:45', '2016-04-24 12:01:01');
INSERT INTO `reviews` (`user_id`, `video_id`, `body`, `created_at`, `updated_at`) VALUES (13, 68, 'THAT in a wondering tone. \'Why, what a dear little puppy it was!\' said Alice, rather alarmed at.', '2012-10-15 06:06:25', '2013-09-14 00:59:48');
INSERT INTO `reviews` (`user_id`, `video_id`, `body`, `created_at`, `updated_at`) VALUES (14, 20, 'She was close behind us, and he\'s treading on her hand, watching the setting sun, and thinking of.', '2014-03-13 10:04:48', '2020-01-18 13:09:38');
INSERT INTO `reviews` (`user_id`, `video_id`, `body`, `created_at`, `updated_at`) VALUES (14, 29, 'Table doesn\'t signify: let\'s try Geography. London is the capital of Paris, and Paris is the.', '2018-06-21 11:27:22', '2020-06-02 04:09:18');
INSERT INTO `reviews` (`user_id`, `video_id`, `body`, `created_at`, `updated_at`) VALUES (14, 98, 'Lobster Quadrille?\' the Gryphon at the other, and making quite a crowd of little animals and birds.', '2011-09-01 01:04:43', '2014-06-30 09:36:24');
INSERT INTO `reviews` (`user_id`, `video_id`, `body`, `created_at`, `updated_at`) VALUES (15, 3, 'I will tell you what year it is?\' \'Of course not,\' said the Gryphon, and, taking Alice by the.', '2019-01-23 05:55:51', '2021-04-12 13:46:01');
INSERT INTO `reviews` (`user_id`, `video_id`, `body`, `created_at`, `updated_at`) VALUES (15, 43, 'Hatter, \'when the Queen was to eat some of them hit her in a great thistle, to keep back the.', '2012-06-30 01:39:04', '2017-04-11 06:16:31');
INSERT INTO `reviews` (`user_id`, `video_id`, `body`, `created_at`, `updated_at`) VALUES (15, 96, 'Mock Turtle: \'crumbs would all wash off in the court!\' and the baby with some severity; \'it\'s very.', '2013-04-20 19:28:28', '2019-04-27 14:29:29');
INSERT INTO `reviews` (`user_id`, `video_id`, `body`, `created_at`, `updated_at`) VALUES (17, 17, 'Mock Turtle, \'Drive on, old fellow! Don\'t be all day about it!\' Last came a little way off,.', '2016-07-06 18:42:22', '2015-01-27 18:09:33');
INSERT INTO `reviews` (`user_id`, `video_id`, `body`, `created_at`, `updated_at`) VALUES (18, 63, 'I look like one, but it said nothing. \'Perhaps it hasn\'t one,\' Alice ventured to ask. \'Suppose we.', '2019-08-12 10:51:18', '2018-12-17 22:29:12');
INSERT INTO `reviews` (`user_id`, `video_id`, `body`, `created_at`, `updated_at`) VALUES (18, 77, 'The Antipathies, I think--\' (she was so long that they must be removed,\' said the Duchess, \'and.', '2017-07-08 08:56:05', '2016-04-24 02:27:45');
INSERT INTO `reviews` (`user_id`, `video_id`, `body`, `created_at`, `updated_at`) VALUES (18, 79, 'I\'ll get into her eyes; and once again the tiny hands were clasped upon her arm, and timidly said.', '2012-02-16 05:59:18', '2021-03-05 21:37:35');
INSERT INTO `reviews` (`user_id`, `video_id`, `body`, `created_at`, `updated_at`) VALUES (18, 96, 'Mock Turtle drew a long tail, certainly,\' said Alice, rather doubtfully, as she went round the.', '2014-01-01 02:51:02', '2016-07-27 04:55:46');
INSERT INTO `reviews` (`user_id`, `video_id`, `body`, `created_at`, `updated_at`) VALUES (18, 98, 'Dormouse sulkily remarked, \'If you didn\'t like cats.\' \'Not like cats!\' cried the Gryphon, sighing.', '2012-09-16 01:44:39', '2017-12-12 17:54:03');
INSERT INTO `reviews` (`user_id`, `video_id`, `body`, `created_at`, `updated_at`) VALUES (18, 100, 'English, who wanted leaders, and had to kneel down on one knee. \'I\'m a poor man, your Majesty,\'.', '2014-10-31 09:05:09', '2020-05-21 05:00:20');
INSERT INTO `reviews` (`user_id`, `video_id`, `body`, `created_at`, `updated_at`) VALUES (19, 14, 'I\'m not used to it in time,\' said the Mock Turtle Soup is made from,\' said the Gryphon. \'We can do.', '2012-10-05 12:50:02', '2013-05-04 18:23:21');
INSERT INTO `reviews` (`user_id`, `video_id`, `body`, `created_at`, `updated_at`) VALUES (19, 34, 'Alice, \'and those twelve creatures,\' (she was obliged to write this down on their slates, and she.', '2015-12-10 09:23:54', '2012-07-07 03:13:08');
INSERT INTO `reviews` (`user_id`, `video_id`, `body`, `created_at`, `updated_at`) VALUES (20, 11, 'I only wish they COULD! I\'m sure she\'s the best cat in the distance. \'And yet what a Gryphon is,.', '2013-11-25 07:47:01', '2015-05-10 04:49:45');
INSERT INTO `reviews` (`user_id`, `video_id`, `body`, `created_at`, `updated_at`) VALUES (20, 46, 'QUITE as much use in talking to him,\' said Alice to herself. \'Of the mushroom,\' said the Duchess;.', '2018-03-06 09:57:51', '2012-04-09 15:41:58');
INSERT INTO `reviews` (`user_id`, `video_id`, `body`, `created_at`, `updated_at`) VALUES (20, 86, 'Now I growl when I\'m angry. Therefore I\'m mad.\' \'I call it sad?\' And she squeezed herself up on.', '2014-06-05 23:54:31', '2016-05-09 12:40:38');
INSERT INTO `reviews` (`user_id`, `video_id`, `body`, `created_at`, `updated_at`) VALUES (21, 1, 'The rabbit-hole went straight on like a candle. I wonder if I\'ve been changed for Mabel! I\'ll try.', '2020-02-26 21:56:12', '2015-01-16 11:27:31');
INSERT INTO `reviews` (`user_id`, `video_id`, `body`, `created_at`, `updated_at`) VALUES (21, 35, 'YOU sing,\' said the Cat, \'or you wouldn\'t mind,\' said Alice: \'besides, that\'s not a VERY turn-up.', '2015-08-01 10:17:42', '2013-08-27 14:28:54');
INSERT INTO `reviews` (`user_id`, `video_id`, `body`, `created_at`, `updated_at`) VALUES (23, 38, 'Mock Turtle. \'Seals, turtles, salmon, and so on; then, when you\'ve cleared all the other paw,.', '2018-04-13 23:13:11', '2014-03-13 21:31:49');
INSERT INTO `reviews` (`user_id`, `video_id`, `body`, `created_at`, `updated_at`) VALUES (24, 93, 'I\'ll tell him--it was for bringing the cook till his eyes very wide on hearing this; but all he.', '2014-08-22 18:57:25', '2020-12-01 17:46:59');
INSERT INTO `reviews` (`user_id`, `video_id`, `body`, `created_at`, `updated_at`) VALUES (26, 15, 'I!\' said the Queen, and Alice looked at each other for some way of settling all difficulties,.', '2015-01-21 21:09:28', '2012-10-30 07:53:19');
INSERT INTO `reviews` (`user_id`, `video_id`, `body`, `created_at`, `updated_at`) VALUES (26, 34, 'English!\' said the Eaglet. \'I don\'t like the wind, and was going on, as she could. \'The Dormouse.', '2020-02-13 02:37:43', '2016-12-18 04:22:25');
INSERT INTO `reviews` (`user_id`, `video_id`, `body`, `created_at`, `updated_at`) VALUES (27, 85, 'So they sat down, and the Queen was in such a long time with one eye; but to get out at the cook.', '2013-02-10 12:59:56', '2013-10-17 14:13:00');
INSERT INTO `reviews` (`user_id`, `video_id`, `body`, `created_at`, `updated_at`) VALUES (29, 39, 'Alice heard the Queen\'s absence, and were quite dry again, the Dodo managed it.) First it marked.', '2019-03-04 21:22:03', '2014-03-22 02:16:05');
INSERT INTO `reviews` (`user_id`, `video_id`, `body`, `created_at`, `updated_at`) VALUES (30, 39, 'Queen of Hearts were seated on their hands and feet at the door began sneezing all at once. \'Give.', '2018-03-12 23:12:50', '2017-09-24 18:37:56');
INSERT INTO `reviews` (`user_id`, `video_id`, `body`, `created_at`, `updated_at`) VALUES (30, 42, 'This was such a thing before, but she could not be denied, so she turned away. \'Come back!\' the.', '2018-12-15 03:51:14', '2013-03-26 04:37:44');
INSERT INTO `reviews` (`user_id`, `video_id`, `body`, `created_at`, `updated_at`) VALUES (30, 67, 'Queen was to eat or drink under the table: she opened the door as you are; secondly, because.', '2016-08-01 15:40:29', '2020-09-11 19:20:19');
INSERT INTO `reviews` (`user_id`, `video_id`, `body`, `created_at`, `updated_at`) VALUES (33, 36, 'Gryphon is, look at it!\' This speech caused a remarkable sensation among the trees under which she.', '2020-12-07 01:08:04', '2017-01-21 23:17:54');
INSERT INTO `reviews` (`user_id`, `video_id`, `body`, `created_at`, `updated_at`) VALUES (33, 100, 'Mock Turtle, capering wildly about. \'Change lobsters again!\' yelled the Gryphon remarked: \'because.', '2018-01-23 14:12:39', '2018-06-15 08:26:22');
INSERT INTO `reviews` (`user_id`, `video_id`, `body`, `created_at`, `updated_at`) VALUES (34, 19, 'March Hare. \'It was a long way back, and see what the name \'W. RABBIT\' engraved upon it. She went.', '2017-03-23 19:43:52', '2019-03-12 09:56:13');
INSERT INTO `reviews` (`user_id`, `video_id`, `body`, `created_at`, `updated_at`) VALUES (35, 34, 'NOT!\' cried the Mouse, turning to Alice, flinging the baby joined):-- \'Wow! wow! wow!\' \'Here! you.', '2016-11-07 07:19:32', '2012-03-02 19:02:53');
INSERT INTO `reviews` (`user_id`, `video_id`, `body`, `created_at`, `updated_at`) VALUES (36, 5, 'Alice put down yet, before the officer could get away without speaking, but at any rate it would.', '2015-10-05 02:32:09', '2017-10-30 11:20:57');
INSERT INTO `reviews` (`user_id`, `video_id`, `body`, `created_at`, `updated_at`) VALUES (37, 13, 'Alice looked up, and there was the White Rabbit, who was passing at the other, trying every door,.', '2012-02-12 12:14:14', '2014-12-28 01:33:43');
INSERT INTO `reviews` (`user_id`, `video_id`, `body`, `created_at`, `updated_at`) VALUES (38, 50, 'Queen furiously, throwing an inkstand at the proposal. \'Then the eleventh day must have a prize.', '2013-01-25 18:31:07', '2013-11-09 16:06:09');
INSERT INTO `reviews` (`user_id`, `video_id`, `body`, `created_at`, `updated_at`) VALUES (39, 6, 'Alice, flinging the baby violently up and went on for some time after the others. \'We must burn.', '2019-11-26 21:31:06', '2014-05-25 08:46:12');
INSERT INTO `reviews` (`user_id`, `video_id`, `body`, `created_at`, `updated_at`) VALUES (39, 14, 'Alice, thinking it was too slippery; and when she caught it, and burning with curiosity, she ran.', '2012-10-11 01:13:25', '2015-08-29 14:06:01');
INSERT INTO `reviews` (`user_id`, `video_id`, `body`, `created_at`, `updated_at`) VALUES (39, 24, 'Duchess; \'and most of \'em do.\' \'I don\'t believe there\'s an atom of meaning in it,\' but none of my.', '2011-10-27 14:34:15', '2012-03-09 16:12:26');
INSERT INTO `reviews` (`user_id`, `video_id`, `body`, `created_at`, `updated_at`) VALUES (39, 81, 'I shall have somebody to talk to.\' \'How are you thinking of?\' \'I beg your pardon!\' she exclaimed.', '2012-07-06 22:36:02', '2019-06-11 10:24:43');
INSERT INTO `reviews` (`user_id`, `video_id`, `body`, `created_at`, `updated_at`) VALUES (43, 71, 'King, and the cool fountains. CHAPTER VIII. The Queen\'s Croquet-Ground A large rose-tree stood.', '2018-04-01 00:39:51', '2013-06-17 13:32:46');
INSERT INTO `reviews` (`user_id`, `video_id`, `body`, `created_at`, `updated_at`) VALUES (43, 76, 'This time there were any tears. No, there were TWO little shrieks, and more faintly came, carried.', '2012-10-31 11:20:32', '2018-09-02 16:02:31');
INSERT INTO `reviews` (`user_id`, `video_id`, `body`, `created_at`, `updated_at`) VALUES (44, 46, 'CHAPTER II. The Pool of Tears \'Curiouser and curiouser!\' cried Alice hastily, afraid that it felt.', '2017-09-30 15:15:26', '2018-06-18 23:55:03');
INSERT INTO `reviews` (`user_id`, `video_id`, `body`, `created_at`, `updated_at`) VALUES (44, 77, 'However, it was labelled \'ORANGE MARMALADE\', but to open her mouth; but she stopped hastily, for.', '2018-02-17 02:14:44', '2015-09-23 06:19:18');
INSERT INTO `reviews` (`user_id`, `video_id`, `body`, `created_at`, `updated_at`) VALUES (45, 81, 'Dodo solemnly presented the thimble, saying \'We beg your pardon!\' said the Footman, and began an.', '2016-05-14 14:46:28', '2015-06-23 08:04:55');
INSERT INTO `reviews` (`user_id`, `video_id`, `body`, `created_at`, `updated_at`) VALUES (46, 70, 'Mock Turtle replied in an offended tone, \'so I can\'t put it into his cup of tea, and looked into.', '2017-05-03 14:53:41', '2018-02-11 05:35:00');
INSERT INTO `reviews` (`user_id`, `video_id`, `body`, `created_at`, `updated_at`) VALUES (47, 82, 'Alice in a minute or two. \'They couldn\'t have done just as well as she remembered that she began.', '2017-02-18 16:54:49', '2015-08-25 07:04:21');
INSERT INTO `reviews` (`user_id`, `video_id`, `body`, `created_at`, `updated_at`) VALUES (47, 100, 'Alice, rather alarmed at the mouth with strings: into this they slipped the guinea-pig, head.', '2012-05-05 03:48:28', '2015-09-15 18:48:53');
INSERT INTO `reviews` (`user_id`, `video_id`, `body`, `created_at`, `updated_at`) VALUES (48, 92, 'Alice replied eagerly, for she felt certain it must be shutting up like a Jack-in-the-box, and up.', '2014-11-17 06:05:10', '2016-10-17 03:57:55');
INSERT INTO `reviews` (`user_id`, `video_id`, `body`, `created_at`, `updated_at`) VALUES (49, 97, 'Duchess and the White Rabbit, with a shiver. \'I beg your pardon!\' said the Cat, as soon as it.', '2012-03-09 03:04:35', '2017-01-07 05:33:21');
INSERT INTO `reviews` (`user_id`, `video_id`, `body`, `created_at`, `updated_at`) VALUES (49, 100, 'Mock Turtle. \'No, no! The adventures first,\' said the Mock Turtle. Alice was so much contradicted.', '2019-02-06 13:55:36', '2012-04-19 16:32:44');
INSERT INTO `reviews` (`user_id`, `video_id`, `body`, `created_at`, `updated_at`) VALUES (50, 73, 'WHAT? The other guests had taken advantage of the evening, beautiful Soup! Soup of the wood--(she.', '2021-01-29 18:11:32', '2012-06-20 07:42:20');
INSERT INTO `reviews` (`user_id`, `video_id`, `body`, `created_at`, `updated_at`) VALUES (50, 74, 'Alice could hear the very tones of her childhood: and how she would gather about her any more.', '2013-11-01 16:04:56', '2016-06-09 12:49:09');
INSERT INTO `reviews` (`user_id`, `video_id`, `body`, `created_at`, `updated_at`) VALUES (51, 77, 'Gryphon. \'They can\'t have anything to say, she simply bowed, and took the thimble, saying \'We beg.', '2015-02-12 11:11:58', '2015-12-14 08:13:16');
INSERT INTO `reviews` (`user_id`, `video_id`, `body`, `created_at`, `updated_at`) VALUES (51, 100, 'I\'ll be jury,\" Said cunning old Fury: \"I\'ll try the effect: the next witness!\' said the Mouse, in.', '2019-10-22 07:52:17', '2013-11-12 22:47:56');
INSERT INTO `reviews` (`user_id`, `video_id`, `body`, `created_at`, `updated_at`) VALUES (52, 34, 'THAT direction,\' the Cat in a very grave voice, \'until all the rats and--oh dear!\' cried Alice.', '2016-04-19 01:46:40', '2011-06-09 23:51:55');
INSERT INTO `reviews` (`user_id`, `video_id`, `body`, `created_at`, `updated_at`) VALUES (52, 60, 'I never understood what it meant till now.\' \'If that\'s all I can say.\' This was quite pale (with.', '2014-02-14 19:59:22', '2019-12-24 00:46:46');
INSERT INTO `reviews` (`user_id`, `video_id`, `body`, `created_at`, `updated_at`) VALUES (52, 68, 'Go on!\' \'I\'m a poor man, your Majesty,\' said the Gryphon. \'It all came different!\' Alice replied.', '2017-10-21 05:58:51', '2016-02-24 12:49:25');
INSERT INTO `reviews` (`user_id`, `video_id`, `body`, `created_at`, `updated_at`) VALUES (53, 34, 'All this time it all seemed quite natural to Alice again. \'No, I give you fair warning,\' shouted.', '2013-03-11 14:08:44', '2014-06-13 02:49:58');
INSERT INTO `reviews` (`user_id`, `video_id`, `body`, `created_at`, `updated_at`) VALUES (54, 36, 'I beg your pardon,\' said Alice to herself. Imagine her surprise, when the tide rises and sharks.', '2014-02-18 04:40:18', '2014-09-24 11:00:56');
INSERT INTO `reviews` (`user_id`, `video_id`, `body`, `created_at`, `updated_at`) VALUES (54, 97, 'I am! But I\'d better take him his fan and gloves, and, as the March Hare. Alice sighed wearily. \'I.', '2018-03-15 09:07:13', '2011-11-30 02:59:43');
INSERT INTO `reviews` (`user_id`, `video_id`, `body`, `created_at`, `updated_at`) VALUES (55, 11, 'As a duck with its arms and frowning at the Hatter, \'you wouldn\'t talk about her repeating \'YOU.', '2013-04-15 04:11:19', '2012-08-07 01:43:38');
INSERT INTO `reviews` (`user_id`, `video_id`, `body`, `created_at`, `updated_at`) VALUES (55, 52, 'White Rabbit read out, at the Caterpillar\'s making such a thing before, and behind them a new pair.', '2011-06-15 15:12:01', '2017-08-27 03:02:10');
INSERT INTO `reviews` (`user_id`, `video_id`, `body`, `created_at`, `updated_at`) VALUES (55, 86, 'ARE OLD, FATHER WILLIAM,\"\' said the Duchess. \'Everything\'s got a moral, if only you can have no.', '2017-04-19 22:22:54', '2021-04-13 08:13:03');
INSERT INTO `reviews` (`user_id`, `video_id`, `body`, `created_at`, `updated_at`) VALUES (56, 7, 'Rabbit actually TOOK A WATCH OUT OF ITS WAISTCOAT-POCKET, and looked at her, and the sound of a.', '2020-12-08 09:17:16', '2018-09-30 07:24:20');
INSERT INTO `reviews` (`user_id`, `video_id`, `body`, `created_at`, `updated_at`) VALUES (56, 31, 'She gave me a pair of white kid gloves and the Queen, turning purple. \'I won\'t!\' said Alice..', '2019-10-06 23:36:39', '2011-05-25 18:44:47');
INSERT INTO `reviews` (`user_id`, `video_id`, `body`, `created_at`, `updated_at`) VALUES (56, 50, 'See how eagerly the lobsters to the Classics master, though. He was looking up into the darkness.', '2018-07-06 05:06:52', '2018-07-03 15:00:58');
INSERT INTO `reviews` (`user_id`, `video_id`, `body`, `created_at`, `updated_at`) VALUES (56, 67, 'It was, no doubt: only Alice did not at all this time, as it turned round and look up in such.', '2020-08-29 00:44:38', '2019-11-13 03:21:13');
INSERT INTO `reviews` (`user_id`, `video_id`, `body`, `created_at`, `updated_at`) VALUES (58, 2, 'Alice noticed, had powdered hair that WOULD always get into her face. \'Very,\' said Alice:.', '2019-07-28 02:30:34', '2011-11-15 02:17:26');
INSERT INTO `reviews` (`user_id`, `video_id`, `body`, `created_at`, `updated_at`) VALUES (58, 27, 'Cheshire Cat sitting on a branch of a bottle. They all sat down in a wondering tone. \'Why, what a.', '2019-08-24 21:17:06', '2013-07-21 04:30:03');
INSERT INTO `reviews` (`user_id`, `video_id`, `body`, `created_at`, `updated_at`) VALUES (59, 60, 'First, she dreamed of little cartwheels, and the two creatures got so close to her, one on each.', '2014-10-06 05:11:40', '2021-04-13 00:28:57');
INSERT INTO `reviews` (`user_id`, `video_id`, `body`, `created_at`, `updated_at`) VALUES (59, 80, 'I hadn\'t drunk quite so much!\' said Alice, feeling very glad she had but to get hold of its mouth,.', '2012-05-08 20:37:36', '2019-01-12 11:24:07');
INSERT INTO `reviews` (`user_id`, `video_id`, `body`, `created_at`, `updated_at`) VALUES (60, 13, 'King. The next witness was the Duchess\'s knee, while plates and dishes crashed around it--once.', '2019-07-06 03:55:12', '2015-10-31 22:41:14');
INSERT INTO `reviews` (`user_id`, `video_id`, `body`, `created_at`, `updated_at`) VALUES (60, 29, 'Alice. \'That\'s the first minute or two, looking for eggs, I know is, it would be only rustling in.', '2011-06-04 13:52:47', '2013-01-06 13:33:20');
INSERT INTO `reviews` (`user_id`, `video_id`, `body`, `created_at`, `updated_at`) VALUES (60, 63, 'I say,\' the Mock Turtle, and said to the beginning again?\' Alice ventured to taste it, and found.', '2015-06-08 18:56:59', '2014-09-28 18:13:00');
INSERT INTO `reviews` (`user_id`, `video_id`, `body`, `created_at`, `updated_at`) VALUES (60, 89, 'Mock Turtle; \'but it doesn\'t matter much,\' thought Alice, and sighing. \'It IS the fun?\' said.', '2011-10-21 11:12:27', '2014-07-18 07:19:53');
INSERT INTO `reviews` (`user_id`, `video_id`, `body`, `created_at`, `updated_at`) VALUES (61, 44, 'Dinah my dear! Let this be a person of authority over Alice. \'Stand up and said, without even.', '2012-01-03 08:08:41', '2019-10-27 18:08:02');
INSERT INTO `reviews` (`user_id`, `video_id`, `body`, `created_at`, `updated_at`) VALUES (62, 32, 'The next thing is, to get out at all know whether it would be only rustling in the middle. Alice.', '2014-02-19 02:56:40', '2013-01-04 18:42:41');
INSERT INTO `reviews` (`user_id`, `video_id`, `body`, `created_at`, `updated_at`) VALUES (64, 42, 'Mock Turtle. Alice was very likely it can talk: at any rate, there\'s no use going back to.', '2012-07-14 21:15:42', '2015-07-20 08:10:41');
INSERT INTO `reviews` (`user_id`, `video_id`, `body`, `created_at`, `updated_at`) VALUES (64, 74, 'March Hare. \'I didn\'t know how to begin.\' He looked at the door--I do wish I hadn\'t cried so.', '2012-11-27 01:42:44', '2013-07-05 11:48:50');
INSERT INTO `reviews` (`user_id`, `video_id`, `body`, `created_at`, `updated_at`) VALUES (65, 60, 'King. \'Shan\'t,\' said the Footman, \'and that for two Pennyworth only of beautiful Soup?.', '2020-11-21 03:28:10', '2015-03-29 14:25:46');
INSERT INTO `reviews` (`user_id`, `video_id`, `body`, `created_at`, `updated_at`) VALUES (66, 38, 'IT. It\'s HIM.\' \'I don\'t know of any that do,\' Alice hastily replied; \'only one doesn\'t like.', '2012-04-07 03:36:42', '2018-02-06 12:20:26');
INSERT INTO `reviews` (`user_id`, `video_id`, `body`, `created_at`, `updated_at`) VALUES (69, 62, 'Dormouse, who seemed to be rude, so she set to work throwing everything within her reach at the.', '2015-08-18 08:07:35', '2017-06-13 15:41:03');
INSERT INTO `reviews` (`user_id`, `video_id`, `body`, `created_at`, `updated_at`) VALUES (69, 64, 'Alice. \'I\'m a--I\'m a--\' \'Well! WHAT are you?\' said Alice, rather alarmed at the end of his pocket,.', '2016-06-26 18:42:05', '2021-03-13 21:47:17');
INSERT INTO `reviews` (`user_id`, `video_id`, `body`, `created_at`, `updated_at`) VALUES (71, 11, 'Time, and round goes the clock in a pleased tone. \'Pray don\'t trouble yourself to say but \'It.', '2012-10-14 14:38:02', '2015-12-25 20:19:09');
INSERT INTO `reviews` (`user_id`, `video_id`, `body`, `created_at`, `updated_at`) VALUES (73, 35, 'Gryphon, before Alice could speak again. In a minute or two, which gave the Pigeon went on, \'I.', '2021-04-05 16:19:14', '2011-06-13 09:40:34');
INSERT INTO `reviews` (`user_id`, `video_id`, `body`, `created_at`, `updated_at`) VALUES (74, 17, 'The long grass rustled at her for a conversation. Alice felt a violent shake at the top of it. She.', '2011-06-04 23:00:14', '2020-06-13 16:30:42');
INSERT INTO `reviews` (`user_id`, `video_id`, `body`, `created_at`, `updated_at`) VALUES (74, 100, 'What happened to me! I\'LL soon make you a song?\' \'Oh, a song, please, if the Mock Turtle said: \'no.', '2016-01-08 06:46:27', '2020-05-18 21:19:48');
INSERT INTO `reviews` (`user_id`, `video_id`, `body`, `created_at`, `updated_at`) VALUES (75, 20, 'Alice. \'Oh, don\'t talk about wasting IT. It\'s HIM.\' \'I don\'t much care where--\' said Alice. \'You.', '2015-01-31 11:10:44', '2011-06-08 12:36:07');
INSERT INTO `reviews` (`user_id`, `video_id`, `body`, `created_at`, `updated_at`) VALUES (75, 73, 'Tea-Party There was a little recovered from the time he was obliged to write out a history of the.', '2020-11-05 21:19:46', '2012-12-01 06:27:34');
INSERT INTO `reviews` (`user_id`, `video_id`, `body`, `created_at`, `updated_at`) VALUES (75, 87, 'Alice had got burnt, and eaten up by two guinea-pigs, who were giving it something out of this.', '2012-11-19 06:04:43', '2013-08-18 18:02:50');
INSERT INTO `reviews` (`user_id`, `video_id`, `body`, `created_at`, `updated_at`) VALUES (76, 40, 'Pigeon, raising its voice to its children, \'Come away, my dears! It\'s high time to avoid shrinking.', '2018-01-07 03:21:31', '2012-10-24 14:07:55');
INSERT INTO `reviews` (`user_id`, `video_id`, `body`, `created_at`, `updated_at`) VALUES (76, 80, 'OF THE SLUGGARD,\"\' said the Caterpillar seemed to be seen--everything seemed to Alice with one.', '2017-12-22 03:39:18', '2013-09-04 19:27:45');
INSERT INTO `reviews` (`user_id`, `video_id`, `body`, `created_at`, `updated_at`) VALUES (77, 47, 'I never was so much at first, but, after watching it a very difficult question. However, at last.', '2017-03-04 03:33:31', '2013-08-28 22:58:35');
INSERT INTO `reviews` (`user_id`, `video_id`, `body`, `created_at`, `updated_at`) VALUES (77, 92, 'The chief difficulty Alice found at first she thought of herself, \'I don\'t think--\' \'Then you may.', '2018-08-19 14:52:45', '2015-08-01 11:05:42');
INSERT INTO `reviews` (`user_id`, `video_id`, `body`, `created_at`, `updated_at`) VALUES (78, 7, 'I\'LL soon make you grow shorter.\' \'One side will make you grow taller, and the reason they\'re.', '2013-05-22 00:18:45', '2020-02-17 18:40:36');
INSERT INTO `reviews` (`user_id`, `video_id`, `body`, `created_at`, `updated_at`) VALUES (80, 4, 'However, this bottle was NOT marked \'poison,\' it is you hate--C and D,\' she added in a whisper,.', '2011-11-11 13:34:27', '2011-10-16 15:28:16');
INSERT INTO `reviews` (`user_id`, `video_id`, `body`, `created_at`, `updated_at`) VALUES (81, 39, 'The rabbit-hole went straight on like a mouse, That he met in the chimney as she picked her way.', '2015-01-06 14:29:41', '2021-01-23 11:05:42');
INSERT INTO `reviews` (`user_id`, `video_id`, `body`, `created_at`, `updated_at`) VALUES (81, 66, 'MINE,\' said the Hatter. \'You might just as she spoke. Alice did not dare to laugh; and, as the.', '2014-12-08 05:33:01', '2013-10-11 13:51:55');
INSERT INTO `reviews` (`user_id`, `video_id`, `body`, `created_at`, `updated_at`) VALUES (82, 42, 'Alice as he found it very much,\' said Alice; \'you needn\'t be afraid of interrupting him,) \'I\'ll.', '2020-07-30 22:01:55', '2014-06-18 06:45:28');
INSERT INTO `reviews` (`user_id`, `video_id`, `body`, `created_at`, `updated_at`) VALUES (83, 39, 'White Rabbit returning, splendidly dressed, with a little bottle that stood near the door, and.', '2020-07-12 02:20:27', '2016-11-28 09:57:40');
INSERT INTO `reviews` (`user_id`, `video_id`, `body`, `created_at`, `updated_at`) VALUES (84, 56, 'YOU?\' said the Dormouse began in a natural way. \'I thought it would,\' said the Mock Turtle drew a.', '2012-03-23 12:48:57', '2016-03-25 13:02:58');
INSERT INTO `reviews` (`user_id`, `video_id`, `body`, `created_at`, `updated_at`) VALUES (85, 1, 'How the Owl had the best cat in the sea, though you mayn\'t believe it--\' \'I never went to the.', '2018-07-10 18:07:28', '2020-12-19 18:44:36');
INSERT INTO `reviews` (`user_id`, `video_id`, `body`, `created_at`, `updated_at`) VALUES (87, 21, 'Alice. \'Why, SHE,\' said the Cat, as soon as she stood looking at the bottom of the shelves as she.', '2016-06-29 07:59:32', '2013-12-25 12:40:23');
INSERT INTO `reviews` (`user_id`, `video_id`, `body`, `created_at`, `updated_at`) VALUES (87, 25, 'Alice was more and more puzzled, but she stopped hastily, for the end of the cakes, and was.', '2014-01-01 07:18:17', '2012-05-28 05:45:01');
INSERT INTO `reviews` (`user_id`, `video_id`, `body`, `created_at`, `updated_at`) VALUES (87, 36, 'It was high time you were INSIDE, you might like to be a queer thing, to be patted on the table..', '2014-01-26 00:43:41', '2020-05-21 12:08:45');
INSERT INTO `reviews` (`user_id`, `video_id`, `body`, `created_at`, `updated_at`) VALUES (87, 74, 'Caterpillar. \'Well, I\'ve tried to speak, but for a rabbit! I suppose it doesn\'t matter a bit,\'.', '2014-07-12 08:51:04', '2016-03-24 18:40:00');
INSERT INTO `reviews` (`user_id`, `video_id`, `body`, `created_at`, `updated_at`) VALUES (89, 50, 'Alice. \'Exactly so,\' said Alice. \'Why?\' \'IT DOES THE BOOTS AND SHOES.\' the Gryphon as if he had to.', '2013-07-07 21:45:35', '2014-06-23 15:01:11');
INSERT INTO `reviews` (`user_id`, `video_id`, `body`, `created_at`, `updated_at`) VALUES (90, 59, 'I used--and I don\'t want to stay with it as she could, for her neck kept getting entangled among.', '2013-09-14 18:36:47', '2011-11-20 07:59:23');
INSERT INTO `reviews` (`user_id`, `video_id`, `body`, `created_at`, `updated_at`) VALUES (90, 60, 'In another minute there was room for her. \'Yes!\' shouted Alice. \'Come on, then,\' said the.', '2016-06-26 12:25:31', '2013-09-05 09:10:43');
INSERT INTO `reviews` (`user_id`, `video_id`, `body`, `created_at`, `updated_at`) VALUES (90, 96, 'Alice, thinking it was impossible to say to itself, half to Alice. \'Only a thimble,\' said Alice in.', '2011-12-18 01:47:03', '2016-01-03 04:38:47');
INSERT INTO `reviews` (`user_id`, `video_id`, `body`, `created_at`, `updated_at`) VALUES (91, 43, 'Alice could think of any use, now,\' thought poor Alice, and she felt unhappy. \'It was the first to.', '2013-08-29 04:33:27', '2012-11-01 18:41:45');
INSERT INTO `reviews` (`user_id`, `video_id`, `body`, `created_at`, `updated_at`) VALUES (92, 65, 'Alice\'s, and they can\'t prove I did: there\'s no use in waiting by the English, who wanted leaders,.', '2016-03-02 02:58:02', '2013-08-30 21:33:35');
INSERT INTO `reviews` (`user_id`, `video_id`, `body`, `created_at`, `updated_at`) VALUES (93, 31, 'Alice said nothing; she had not a moment to be a person of authority over Alice. \'Stand up and.', '2014-10-02 09:18:00', '2011-08-07 10:12:20');
INSERT INTO `reviews` (`user_id`, `video_id`, `body`, `created_at`, `updated_at`) VALUES (94, 23, 'Duchess, who seemed too much frightened to say which), and they sat down, and the second verse of.', '2015-10-26 22:10:53', '2020-05-30 05:11:01');
INSERT INTO `reviews` (`user_id`, `video_id`, `body`, `created_at`, `updated_at`) VALUES (94, 43, 'Dinah: I think it was,\' said the King, rubbing his hands; \'so now let the jury--\' \'If any one of.', '2019-01-08 01:30:43', '2016-06-05 21:35:36');
INSERT INTO `reviews` (`user_id`, `video_id`, `body`, `created_at`, `updated_at`) VALUES (94, 60, 'I am, sir,\' said Alice; \'I must be collected at once and put it more clearly,\' Alice replied very.', '2018-06-15 09:01:11', '2016-08-27 09:04:59');
INSERT INTO `reviews` (`user_id`, `video_id`, `body`, `created_at`, `updated_at`) VALUES (94, 81, 'Alice said nothing; she had grown so large in the middle, nursing a baby; the cook had.', '2021-03-28 16:11:30', '2014-04-25 07:44:56');
INSERT INTO `reviews` (`user_id`, `video_id`, `body`, `created_at`, `updated_at`) VALUES (97, 4, 'FIT you,\' said Alice, swallowing down her anger as well be at school at once.\' And in she went..', '2016-11-24 06:51:31', '2013-07-16 07:36:14');
INSERT INTO `reviews` (`user_id`, `video_id`, `body`, `created_at`, `updated_at`) VALUES (97, 34, 'Alice was silent. The Dormouse shook itself, and was suppressed. \'Come, that finished the goose,.', '2015-08-23 05:38:13', '2018-03-22 14:50:54');
INSERT INTO `reviews` (`user_id`, `video_id`, `body`, `created_at`, `updated_at`) VALUES (97, 65, 'It\'s enough to get an opportunity of showing off her head!\' Those whom she sentenced were taken.', '2020-09-25 21:39:38', '2015-08-03 16:40:48');
INSERT INTO `reviews` (`user_id`, `video_id`, `body`, `created_at`, `updated_at`) VALUES (98, 13, 'I\'m I, and--oh dear, how puzzling it all seemed quite natural); but when the race was over. Alice.', '2011-10-29 12:19:34', '2018-10-18 08:11:30');
INSERT INTO `reviews` (`user_id`, `video_id`, `body`, `created_at`, `updated_at`) VALUES (98, 88, 'Alice noticed, had powdered hair that WOULD always get into her eyes--and still as she was always.', '2021-04-03 02:08:41', '2014-02-07 08:13:38');
INSERT INTO `reviews` (`user_id`, `video_id`, `body`, `created_at`, `updated_at`) VALUES (100, 84, 'Duchess! The Duchess! Oh my fur and whiskers! She\'ll get me executed, as sure as ferrets are.', '2017-12-17 20:56:05', '2013-03-01 11:20:51');
INSERT INTO `reviews` (`user_id`, `video_id`, `body`, `created_at`, `updated_at`) VALUES (101, 42, 'Alice rather unwillingly took the watch and looked at Alice, as she remembered that she wasn\'t a.', '2017-07-19 19:36:10', '2021-02-14 18:59:56');
INSERT INTO `reviews` (`user_id`, `video_id`, `body`, `created_at`, `updated_at`) VALUES (101, 75, 'I THINK,\' said Alice. \'Why?\' \'IT DOES THE BOOTS AND SHOES.\' the Gryphon whispered in reply, \'for.', '2021-01-04 02:07:37', '2018-02-06 02:51:22');
INSERT INTO `reviews` (`user_id`, `video_id`, `body`, `created_at`, `updated_at`) VALUES (102, 28, 'I don\'t like it, yer honour, at all, as the March Hare. Visit either you like: they\'re both mad.\'.', '2013-08-04 09:24:55', '2021-01-02 04:37:50');
INSERT INTO `reviews` (`user_id`, `video_id`, `body`, `created_at`, `updated_at`) VALUES (102, 54, 'Alice. \'Why, SHE,\' said the Gryphon. \'It\'s all about it!\' Last came a little recovered from the.', '2018-09-18 05:15:01', '2011-10-04 21:01:20');
INSERT INTO `reviews` (`user_id`, `video_id`, `body`, `created_at`, `updated_at`) VALUES (102, 64, 'Alice indignantly. \'Ah! then yours wasn\'t a really good school,\' said the Queen. \'I haven\'t the.', '2017-01-20 01:32:20', '2015-06-11 16:15:02');
INSERT INTO `reviews` (`user_id`, `video_id`, `body`, `created_at`, `updated_at`) VALUES (103, 13, 'Alice said nothing; she had looked under it, and on both sides at once. \'Give your evidence,\' said.', '2015-07-19 09:45:40', '2013-07-22 06:18:35');
INSERT INTO `reviews` (`user_id`, `video_id`, `body`, `created_at`, `updated_at`) VALUES (103, 71, 'ONE.\' \'One, indeed!\' said the Dormouse: \'not in that poky little house, and found in it about four.', '2017-12-15 20:17:59', '2012-03-01 19:05:46');
INSERT INTO `reviews` (`user_id`, `video_id`, `body`, `created_at`, `updated_at`) VALUES (104, 19, 'Alice sharply, for she thought, and rightly too, that very few things indeed were really.', '2014-06-14 03:19:16', '2017-05-04 16:18:02');
INSERT INTO `reviews` (`user_id`, `video_id`, `body`, `created_at`, `updated_at`) VALUES (105, 24, 'HAVE you been doing here?\' \'May it please your Majesty,\' said the Hatter. \'Nor I,\' said the March.', '2013-08-25 02:45:40', '2019-05-24 00:54:21');
INSERT INTO `reviews` (`user_id`, `video_id`, `body`, `created_at`, `updated_at`) VALUES (105, 57, 'VERY remarkable in that; nor did Alice think it so quickly that the Mouse heard this, it turned.', '2013-02-12 22:56:22', '2013-01-31 04:38:56');
INSERT INTO `reviews` (`user_id`, `video_id`, `body`, `created_at`, `updated_at`) VALUES (106, 64, 'After a minute or two, looking for eggs, as it went, \'One side of WHAT?\' thought Alice \'without.', '2011-06-19 18:43:46', '2017-01-27 10:03:07');
INSERT INTO `reviews` (`user_id`, `video_id`, `body`, `created_at`, `updated_at`) VALUES (107, 29, 'This time Alice waited patiently until it chose to speak with. Alice waited a little, \'From the.', '2011-06-04 15:36:35', '2019-06-16 13:34:28');
INSERT INTO `reviews` (`user_id`, `video_id`, `body`, `created_at`, `updated_at`) VALUES (108, 95, 'However, everything is queer to-day.\' Just then she walked sadly down the chimney!\' \'Oh! So Bill\'s.', '2019-06-15 03:21:07', '2020-12-14 06:21:47');
INSERT INTO `reviews` (`user_id`, `video_id`, `body`, `created_at`, `updated_at`) VALUES (109, 5, 'Alice could see this, as she had looked under it, and very soon found an opportunity of taking it.', '2012-08-24 03:03:23', '2019-11-14 12:09:36');
INSERT INTO `reviews` (`user_id`, `video_id`, `body`, `created_at`, `updated_at`) VALUES (109, 50, 'But the insolence of his teacup instead of the e--e--evening, Beautiful, beauti--FUL SOUP!\'.', '2014-02-19 21:24:40', '2012-11-13 15:16:28');
INSERT INTO `reviews` (`user_id`, `video_id`, `body`, `created_at`, `updated_at`) VALUES (109, 94, 'Mock Turtle, \'they--you\'ve seen them, of course?\' \'Yes,\' said Alice thoughtfully: \'but then--I.', '2013-03-24 15:55:21', '2020-08-02 10:17:10');
INSERT INTO `reviews` (`user_id`, `video_id`, `body`, `created_at`, `updated_at`) VALUES (110, 28, 'Will you, won\'t you join the dance. Would not, could not, would not, could not, would not, could.', '2017-06-21 01:15:28', '2017-12-26 08:26:11');
INSERT INTO `reviews` (`user_id`, `video_id`, `body`, `created_at`, `updated_at`) VALUES (110, 94, 'Mystery,\' the Mock Turtle in a moment. \'Let\'s go on till you come and join the dance? Will you,.', '2011-06-10 21:29:43', '2012-11-17 19:01:13');
INSERT INTO `reviews` (`user_id`, `video_id`, `body`, `created_at`, `updated_at`) VALUES (112, 41, 'English,\' thought Alice; \'I daresay it\'s a very deep well. Either the well was very provoking to.', '2011-10-20 14:00:44', '2011-11-26 22:43:10');
INSERT INTO `reviews` (`user_id`, `video_id`, `body`, `created_at`, `updated_at`) VALUES (112, 75, 'Hatter. \'Does YOUR watch tell you my history, and you\'ll understand why it is almost certain to.', '2017-07-19 20:59:17', '2016-07-30 21:21:37');
INSERT INTO `reviews` (`user_id`, `video_id`, `body`, `created_at`, `updated_at`) VALUES (112, 78, 'For really this morning I\'ve nothing to do.\" Said the mouse doesn\'t get out.\" Only I don\'t think,\'.', '2012-03-22 03:47:54', '2012-01-19 11:50:31');
INSERT INTO `reviews` (`user_id`, `video_id`, `body`, `created_at`, `updated_at`) VALUES (112, 89, 'The poor little feet, I wonder who will put on your head-- Do you think, at your age, it is you.', '2014-05-13 14:43:58', '2017-08-24 03:03:49');
INSERT INTO `reviews` (`user_id`, `video_id`, `body`, `created_at`, `updated_at`) VALUES (112, 97, 'Gryphon, \'that they WOULD go with Edgar Atheling to meet William and offer him the crown..', '2013-02-09 23:43:50', '2020-01-05 12:22:05');
INSERT INTO `reviews` (`user_id`, `video_id`, `body`, `created_at`, `updated_at`) VALUES (112, 99, 'Gryphon, and the great wonder is, that I\'m perfectly sure I don\'t know,\' he went on, \'I must be.', '2018-04-23 04:42:29', '2019-11-14 19:27:19');
INSERT INTO `reviews` (`user_id`, `video_id`, `body`, `created_at`, `updated_at`) VALUES (114, 33, 'I say,\' the Mock Turtle said: \'I\'m too stiff. And the Eaglet bent down its head to feel very queer.', '2014-09-26 01:02:18', '2013-09-16 12:48:42');
INSERT INTO `reviews` (`user_id`, `video_id`, `body`, `created_at`, `updated_at`) VALUES (115, 33, 'Hatter asked triumphantly. Alice did not answer, so Alice went on, \'and most of \'em do.\' \'I don\'t.', '2015-08-31 10:28:05', '2018-10-27 07:10:28');
INSERT INTO `reviews` (`user_id`, `video_id`, `body`, `created_at`, `updated_at`) VALUES (115, 93, 'Alice indignantly, and she at once to eat or drink something or other; but the great wonder is,.', '2018-09-03 02:02:03', '2018-06-14 12:51:22');
INSERT INTO `reviews` (`user_id`, `video_id`, `body`, `created_at`, `updated_at`) VALUES (117, 87, 'Gryphon said to the company generally, \'You are not the smallest notice of her knowledge. \'Just.', '2015-04-04 23:31:48', '2020-12-07 11:27:38');
INSERT INTO `reviews` (`user_id`, `video_id`, `body`, `created_at`, `updated_at`) VALUES (117, 93, 'She got up this morning, but I THINK I can kick a little!\' She drew her foot slipped, and in a.', '2020-10-19 03:58:41', '2011-09-06 17:33:41');
INSERT INTO `reviews` (`user_id`, `video_id`, `body`, `created_at`, `updated_at`) VALUES (118, 22, 'White Rabbit blew three blasts on the spot.\' This did not quite sure whether it would feel very.', '2012-06-22 21:12:17', '2015-09-29 10:53:07');
INSERT INTO `reviews` (`user_id`, `video_id`, `body`, `created_at`, `updated_at`) VALUES (119, 88, 'Oh, my dear Dinah! I wonder what was coming. It was so large in the act of crawling away: besides.', '2011-10-17 09:54:32', '2015-11-28 11:53:46');
INSERT INTO `reviews` (`user_id`, `video_id`, `body`, `created_at`, `updated_at`) VALUES (120, 49, 'Alice, a little before she found herself at last in the direction it pointed to, without trying to.', '2020-02-29 17:08:14', '2013-10-28 15:23:16');
INSERT INTO `reviews` (`user_id`, `video_id`, `body`, `created_at`, `updated_at`) VALUES (122, 20, 'I eat\" is the driest thing I know. Silence all round, if you please! \"William the Conqueror, whose.', '2017-04-06 12:29:18', '2014-01-19 10:58:45');
INSERT INTO `reviews` (`user_id`, `video_id`, `body`, `created_at`, `updated_at`) VALUES (122, 36, 'Footman\'s head: it just grazed his nose, and broke to pieces against one of the others looked.', '2014-05-14 09:06:14', '2017-10-24 00:14:53');
INSERT INTO `reviews` (`user_id`, `video_id`, `body`, `created_at`, `updated_at`) VALUES (122, 39, 'I\'m quite tired and out of a muchness\"--did you ever eat a little scream, half of them--and it.', '2013-12-31 08:16:14', '2014-09-26 19:43:20');
INSERT INTO `reviews` (`user_id`, `video_id`, `body`, `created_at`, `updated_at`) VALUES (125, 32, 'Pigeon the opportunity of showing off a bit hurt, and she grew no larger: still it was quite tired.', '2016-03-18 00:15:50', '2012-12-19 18:31:57');
INSERT INTO `reviews` (`user_id`, `video_id`, `body`, `created_at`, `updated_at`) VALUES (125, 82, 'Footman seemed to her that she was coming to, but it was very like a telescope.\' And so it was.', '2018-01-19 01:36:10', '2017-11-08 14:44:58');
INSERT INTO `reviews` (`user_id`, `video_id`, `body`, `created_at`, `updated_at`) VALUES (126, 67, 'Alice, they all crowded round her at the March Hare. \'Yes, please do!\' but the great puzzle!\' And.', '2020-03-26 19:45:47', '2013-07-29 14:22:23');
INSERT INTO `reviews` (`user_id`, `video_id`, `body`, `created_at`, `updated_at`) VALUES (126, 87, 'Pigeon went on, \'and most things twinkled after that--only the March Hare,) \'--it was at in all my.', '2012-05-24 16:57:38', '2011-08-31 15:28:19');
INSERT INTO `reviews` (`user_id`, `video_id`, `body`, `created_at`, `updated_at`) VALUES (127, 24, 'March--just before HE went mad, you know--\' \'What did they live at the bottom of a sea of green.', '2020-03-03 12:17:14', '2014-06-02 14:40:18');
INSERT INTO `reviews` (`user_id`, `video_id`, `body`, `created_at`, `updated_at`) VALUES (127, 42, 'And he got up and said, \'It was the first to break the silence. \'What day of the sort,\' said the.', '2012-01-16 15:57:39', '2016-02-21 11:34:49');
INSERT INTO `reviews` (`user_id`, `video_id`, `body`, `created_at`, `updated_at`) VALUES (127, 74, 'Alice. \'Call it what you mean,\' said Alice. \'I wonder what was going to begin lessons: you\'d only.', '2019-08-04 13:54:20', '2016-05-16 04:30:25');
INSERT INTO `reviews` (`user_id`, `video_id`, `body`, `created_at`, `updated_at`) VALUES (127, 83, 'I needn\'t be so easily offended, you know!\' The Mouse only shook its head impatiently, and walked.', '2014-07-16 23:48:02', '2019-03-26 16:54:40');
INSERT INTO `reviews` (`user_id`, `video_id`, `body`, `created_at`, `updated_at`) VALUES (130, 58, 'Gryphon. \'We can do no more, whatever happens. What WILL become of you? I gave her one, they gave.', '2012-08-30 18:30:37', '2019-05-14 10:01:55');
INSERT INTO `reviews` (`user_id`, `video_id`, `body`, `created_at`, `updated_at`) VALUES (130, 80, 'I\'ll tell you how it was getting quite crowded with the name of nearly everything there. \'That\'s.', '2011-05-10 08:54:58', '2018-01-26 15:14:59');
INSERT INTO `reviews` (`user_id`, `video_id`, `body`, `created_at`, `updated_at`) VALUES (130, 100, 'And the Eaglet bent down its head impatiently, and walked a little animal (she couldn\'t guess of.', '2017-10-04 03:30:34', '2019-01-26 18:41:38');
INSERT INTO `reviews` (`user_id`, `video_id`, `body`, `created_at`, `updated_at`) VALUES (131, 65, 'Gryphon only answered \'Come on!\' cried the Gryphon, with a sigh: \'it\'s always tea-time, and we\'ve.', '2018-01-28 00:55:09', '2014-08-28 10:32:13');
INSERT INTO `reviews` (`user_id`, `video_id`, `body`, `created_at`, `updated_at`) VALUES (133, 25, 'Rabbit just under the hedge. In another minute there was no one else seemed inclined to say than.', '2012-07-31 02:00:36', '2019-02-21 10:52:51');
INSERT INTO `reviews` (`user_id`, `video_id`, `body`, `created_at`, `updated_at`) VALUES (134, 3, 'So she set to work at once crowded round it, panting, and asking, \'But who has won?\' This question.', '2017-07-05 19:47:22', '2016-04-01 04:34:32');
INSERT INTO `reviews` (`user_id`, `video_id`, `body`, `created_at`, `updated_at`) VALUES (135, 35, 'The Mouse did not get dry again: they had settled down in an angry tone, \'Why, Mary Ann, and be.', '2019-03-09 11:31:32', '2018-02-12 03:20:47');
INSERT INTO `reviews` (`user_id`, `video_id`, `body`, `created_at`, `updated_at`) VALUES (136, 59, 'On various pretexts they all spoke at once, in a confused way, \'Prizes! Prizes!\' Alice had got its.', '2016-03-12 05:23:22', '2018-04-19 09:46:24');
INSERT INTO `reviews` (`user_id`, `video_id`, `body`, `created_at`, `updated_at`) VALUES (137, 60, 'Rabbit whispered in a helpless sort of mixed flavour of cherry-tart, custard, pine-apple, roast.', '2013-01-22 14:16:49', '2017-01-06 21:04:11');
INSERT INTO `reviews` (`user_id`, `video_id`, `body`, `created_at`, `updated_at`) VALUES (137, 93, 'PROVES his guilt,\' said the Duck: \'it\'s generally a frog or a serpent?\' \'It matters a good deal on.', '2016-05-17 20:50:38', '2014-04-20 19:54:19');
INSERT INTO `reviews` (`user_id`, `video_id`, `body`, `created_at`, `updated_at`) VALUES (138, 10, 'Dodo said, \'EVERYBODY has won, and all would change to tinkling sheep-bells, and the happy summer.', '2015-07-17 10:55:46', '2013-10-04 21:41:26');
INSERT INTO `reviews` (`user_id`, `video_id`, `body`, `created_at`, `updated_at`) VALUES (138, 38, 'Hatter, \'when the Queen said--\' \'Get to your tea; it\'s getting late.\' So Alice began to repeat it,.', '2011-06-23 16:43:01', '2018-06-14 07:30:31');
INSERT INTO `reviews` (`user_id`, `video_id`, `body`, `created_at`, `updated_at`) VALUES (139, 77, 'Then turn not pale, beloved snail, but come and join the dance?\"\' \'Thank you, sir, for your walk!\".', '2021-02-17 18:31:06', '2014-12-19 02:47:34');
INSERT INTO `reviews` (`user_id`, `video_id`, `body`, `created_at`, `updated_at`) VALUES (140, 67, 'I to get to,\' said the Mouse, who seemed ready to agree to everything that was trickling down his.', '2020-05-13 01:46:20', '2013-11-28 21:04:22');
INSERT INTO `reviews` (`user_id`, `video_id`, `body`, `created_at`, `updated_at`) VALUES (141, 75, 'It quite makes my forehead ache!\' Alice watched the Queen of Hearts, and I could not join the.', '2013-09-09 09:45:52', '2019-12-12 11:53:42');
INSERT INTO `reviews` (`user_id`, `video_id`, `body`, `created_at`, `updated_at`) VALUES (143, 45, 'I\'M a Duchess,\' she said to herself, and began smoking again. This time Alice waited patiently.', '2017-09-15 07:23:17', '2014-01-16 11:25:25');
INSERT INTO `reviews` (`user_id`, `video_id`, `body`, `created_at`, `updated_at`) VALUES (144, 34, 'I mean what I see\"!\' \'You might just as well as she could, and soon found herself in Wonderland,.', '2014-02-27 03:00:23', '2017-04-19 04:59:27');
INSERT INTO `reviews` (`user_id`, `video_id`, `body`, `created_at`, `updated_at`) VALUES (145, 81, 'How brave they\'ll all think me at home! Why, I do it again and again.\' \'You are old,\' said the.', '2020-11-21 13:35:45', '2021-02-04 04:54:15');
INSERT INTO `reviews` (`user_id`, `video_id`, `body`, `created_at`, `updated_at`) VALUES (145, 88, 'Cat, as soon as look at them--\'I wish they\'d get the trial one way up as the question was.', '2019-05-20 22:30:47', '2014-11-03 17:05:11');
INSERT INTO `reviews` (`user_id`, `video_id`, `body`, `created_at`, `updated_at`) VALUES (146, 5, 'Caterpillar The Caterpillar and Alice was too much frightened that she began fancying the sort of.', '2013-08-27 11:32:51', '2019-06-21 15:54:31');
INSERT INTO `reviews` (`user_id`, `video_id`, `body`, `created_at`, `updated_at`) VALUES (146, 71, 'Majesty?\' he asked. \'Begin at the Cat\'s head began fading away the time. Alice had got to go.', '2016-02-12 23:32:49', '2012-07-17 19:19:34');
INSERT INTO `reviews` (`user_id`, `video_id`, `body`, `created_at`, `updated_at`) VALUES (147, 7, 'Duchess by this time?\' she said this, she came suddenly upon an open place, with a sigh: \'he.', '2016-01-13 03:12:24', '2019-12-09 01:53:15');
INSERT INTO `reviews` (`user_id`, `video_id`, `body`, `created_at`, `updated_at`) VALUES (147, 36, 'Alice felt a violent blow underneath her chin: it had come back in their proper places--ALL,\' he.', '2012-02-02 21:31:58', '2015-07-17 04:14:42');
INSERT INTO `reviews` (`user_id`, `video_id`, `body`, `created_at`, `updated_at`) VALUES (147, 64, 'Alice was more hopeless than ever: she sat down at her feet in a great thistle, to keep herself.', '2013-03-17 14:13:45', '2012-03-02 18:38:38');
INSERT INTO `reviews` (`user_id`, `video_id`, `body`, `created_at`, `updated_at`) VALUES (147, 76, 'VERY short remarks, and she jumped up on tiptoe, and peeped over the jury-box with the other two.', '2013-01-03 17:46:26', '2018-06-11 02:12:12');
INSERT INTO `reviews` (`user_id`, `video_id`, `body`, `created_at`, `updated_at`) VALUES (148, 43, 'I eat one of them with one finger, as he spoke. \'A cat may look at me like that!\' He got behind.', '2015-07-18 15:00:03', '2019-11-11 20:40:10');
INSERT INTO `reviews` (`user_id`, `video_id`, `body`, `created_at`, `updated_at`) VALUES (148, 88, 'Alice replied very solemnly. Alice was so much about a thousand times as large as himself, and.', '2018-12-29 21:49:16', '2020-12-23 13:43:31');
INSERT INTO `reviews` (`user_id`, `video_id`, `body`, `created_at`, `updated_at`) VALUES (149, 82, 'I wonder if I chose,\' the Duchess said after a fashion, and this he handed over to herself, for.', '2019-06-01 12:18:51', '2011-05-20 07:25:41');
INSERT INTO `reviews` (`user_id`, `video_id`, `body`, `created_at`, `updated_at`) VALUES (150, 11, 'I\'d better take him his fan and gloves, and, as she left her, leaning her head made her next.', '2014-02-20 18:48:01', '2018-09-02 13:59:39');
INSERT INTO `reviews` (`user_id`, `video_id`, `body`, `created_at`, `updated_at`) VALUES (150, 17, 'Take your choice!\' The Duchess took no notice of her knowledge. \'Just think of what work it would.', '2014-10-26 22:03:36', '2012-01-17 00:53:34');
INSERT INTO `reviews` (`user_id`, `video_id`, `body`, `created_at`, `updated_at`) VALUES (151, 11, 'Alice. \'Stand up and saying, \'Thank you, it\'s a very difficult game indeed. The players all played.', '2013-02-16 09:54:14', '2018-09-19 07:57:14');
INSERT INTO `reviews` (`user_id`, `video_id`, `body`, `created_at`, `updated_at`) VALUES (151, 39, 'Knave was standing before them, in chains, with a T!\' said the King, and the game began. Alice.', '2017-11-29 05:41:13', '2013-05-21 19:58:17');
INSERT INTO `reviews` (`user_id`, `video_id`, `body`, `created_at`, `updated_at`) VALUES (152, 25, 'My notion was that she had to pinch it to her very much pleased at having found out that one of.', '2012-06-08 01:21:58', '2017-08-30 07:24:15');
INSERT INTO `reviews` (`user_id`, `video_id`, `body`, `created_at`, `updated_at`) VALUES (153, 34, 'Mock Turtle at last, with a smile. There was a dead silence instantly, and neither of the evening,.', '2016-05-01 12:39:09', '2015-03-20 02:46:28');
INSERT INTO `reviews` (`user_id`, `video_id`, `body`, `created_at`, `updated_at`) VALUES (153, 92, 'Cat: \'we\'re all mad here. I\'m mad. You\'re mad.\' \'How do you mean \"purpose\"?\' said Alice. \'That\'s.', '2014-11-08 13:47:11', '2020-07-15 18:13:24');
INSERT INTO `reviews` (`user_id`, `video_id`, `body`, `created_at`, `updated_at`) VALUES (154, 3, 'Alice called after it; and as it went. So she began nibbling at the house, quite forgetting her.', '2012-07-10 14:57:22', '2015-10-05 08:06:49');
INSERT INTO `reviews` (`user_id`, `video_id`, `body`, `created_at`, `updated_at`) VALUES (155, 68, 'Alice, and looking at it gloomily: then he dipped it into his plate. Alice did not like to have.', '2014-11-19 11:38:46', '2017-09-25 18:41:59');
INSERT INTO `reviews` (`user_id`, `video_id`, `body`, `created_at`, `updated_at`) VALUES (155, 88, 'Mock Turtle to sing this:-- \'Beautiful Soup, so rich and green, Waiting in a voice outside, and.', '2016-09-11 06:20:49', '2011-09-02 01:31:18');
INSERT INTO `reviews` (`user_id`, `video_id`, `body`, `created_at`, `updated_at`) VALUES (156, 95, 'Hatter began, in a loud, indignant voice, but she heard a little snappishly. \'You\'re enough to.', '2011-06-09 02:03:07', '2013-08-18 12:32:12');
INSERT INTO `reviews` (`user_id`, `video_id`, `body`, `created_at`, `updated_at`) VALUES (157, 52, 'This time there were three gardeners instantly threw themselves flat upon their faces. There was.', '2016-05-31 04:14:25', '2016-03-26 08:56:18');
INSERT INTO `reviews` (`user_id`, `video_id`, `body`, `created_at`, `updated_at`) VALUES (157, 77, 'I\'m angry. Therefore I\'m mad.\' \'I call it purring, not growling,\' said Alice. \'Did you speak?\'.', '2019-05-11 22:55:02', '2021-04-15 17:52:24');
INSERT INTO `reviews` (`user_id`, `video_id`, `body`, `created_at`, `updated_at`) VALUES (158, 8, 'Alice loudly. \'The idea of having nothing to do.\" Said the mouse to the Classics master, though..', '2015-11-30 01:49:58', '2019-01-01 08:06:34');
INSERT INTO `reviews` (`user_id`, `video_id`, `body`, `created_at`, `updated_at`) VALUES (158, 48, 'Hatter. \'It isn\'t mine,\' said the King, the Queen, stamping on the ground near the looking-glass..', '2017-05-21 20:25:05', '2013-08-29 08:27:19');
INSERT INTO `reviews` (`user_id`, `video_id`, `body`, `created_at`, `updated_at`) VALUES (158, 59, 'How she longed to change the subject,\' the March Hare said in a confused way, \'Prizes! Prizes!\'.', '2013-03-23 22:07:50', '2012-09-28 17:36:15');
INSERT INTO `reviews` (`user_id`, `video_id`, `body`, `created_at`, `updated_at`) VALUES (159, 93, 'Rabbit say, \'A barrowful will do, to begin with,\' the Mock Turtle replied; \'and then the Rabbit\'s.', '2018-04-28 05:59:28', '2018-12-06 15:49:09');
INSERT INTO `reviews` (`user_id`, `video_id`, `body`, `created_at`, `updated_at`) VALUES (160, 92, 'Hatter. This piece of evidence we\'ve heard yet,\' said Alice; \'that\'s not at all know whether it.', '2015-10-01 15:22:38', '2018-10-07 15:21:52');
INSERT INTO `reviews` (`user_id`, `video_id`, `body`, `created_at`, `updated_at`) VALUES (161, 10, 'March, I think I must have prizes.\' \'But who is to do this, so that it was very hot, she kept.', '2016-09-02 18:18:33', '2017-04-21 21:49:45');
INSERT INTO `reviews` (`user_id`, `video_id`, `body`, `created_at`, `updated_at`) VALUES (161, 39, 'Imagine her surprise, when the Rabbit say to itself in a tone of great relief. \'Now at OURS they.', '2020-10-23 00:32:07', '2020-01-20 11:01:58');
INSERT INTO `reviews` (`user_id`, `video_id`, `body`, `created_at`, `updated_at`) VALUES (163, 2, 'So you see, because some of YOUR business, Two!\' said Seven. \'Yes, it IS his business!\' said Five,.', '2018-11-18 04:58:31', '2011-05-05 08:45:47');
INSERT INTO `reviews` (`user_id`, `video_id`, `body`, `created_at`, `updated_at`) VALUES (163, 10, 'For he can EVEN finish, if he doesn\'t begin.\' But she went down to the beginning again?\' Alice.', '2020-06-12 21:05:51', '2019-10-29 08:59:04');
INSERT INTO `reviews` (`user_id`, `video_id`, `body`, `created_at`, `updated_at`) VALUES (163, 11, 'While the Panther were sharing a pie--\' [later editions continued as follows The Panther took.', '2012-06-03 04:25:09', '2016-09-25 23:00:34');
INSERT INTO `reviews` (`user_id`, `video_id`, `body`, `created_at`, `updated_at`) VALUES (163, 27, 'I THINK,\' said Alice. The King turned pale, and shut his eyes.--\'Tell her about the games now.\'.', '2011-10-08 07:23:50', '2012-10-12 00:15:55');
INSERT INTO `reviews` (`user_id`, `video_id`, `body`, `created_at`, `updated_at`) VALUES (164, 56, 'White Rabbit with pink eyes ran close by it, and found that, as nearly as she listened, or seemed.', '2015-03-16 04:47:13', '2014-09-17 15:44:14');
INSERT INTO `reviews` (`user_id`, `video_id`, `body`, `created_at`, `updated_at`) VALUES (165, 87, 'Pigeon in a moment. \'Let\'s go on with the end of your flamingo. Shall I try the patience of an.', '2019-11-21 12:40:05', '2013-01-22 23:07:39');
INSERT INTO `reviews` (`user_id`, `video_id`, `body`, `created_at`, `updated_at`) VALUES (166, 43, 'Dormouse. \'Fourteenth of March, I think it so yet,\' said the Pigeon; \'but if you\'ve seen them so.', '2013-05-27 18:24:10', '2011-05-01 15:23:21');
INSERT INTO `reviews` (`user_id`, `video_id`, `body`, `created_at`, `updated_at`) VALUES (166, 61, 'Alice replied thoughtfully. \'They have their tails in their proper places--ALL,\' he repeated with.', '2012-11-24 05:30:30', '2016-01-03 04:29:56');
INSERT INTO `reviews` (`user_id`, `video_id`, `body`, `created_at`, `updated_at`) VALUES (168, 62, 'I do hope it\'ll make me giddy.\' And then, turning to the Mock Turtle, and said to herself. Imagine.', '2019-09-23 11:14:38', '2014-03-18 20:31:59');
INSERT INTO `reviews` (`user_id`, `video_id`, `body`, `created_at`, `updated_at`) VALUES (169, 73, 'XI. Who Stole the Tarts? The King looked anxiously at the cook and the Dormouse say?\' one of the.', '2017-09-16 14:02:46', '2012-08-11 05:05:19');
INSERT INTO `reviews` (`user_id`, `video_id`, `body`, `created_at`, `updated_at`) VALUES (170, 44, 'Stigand, the patriotic archbishop of Canterbury, found it advisable--\"\' \'Found WHAT?\' said the.', '2012-04-21 23:32:35', '2017-03-08 22:15:05');
INSERT INTO `reviews` (`user_id`, `video_id`, `body`, `created_at`, `updated_at`) VALUES (171, 8, 'Story \'You can\'t think how glad I am to see that the way the people near the house opened, and a.', '2014-05-11 16:03:37', '2011-08-14 13:23:44');
INSERT INTO `reviews` (`user_id`, `video_id`, `body`, `created_at`, `updated_at`) VALUES (173, 15, 'King, who had been anxiously looking across the garden, and I never was so much contradicted in.', '2013-04-02 07:34:31', '2019-07-13 00:08:46');
INSERT INTO `reviews` (`user_id`, `video_id`, `body`, `created_at`, `updated_at`) VALUES (173, 24, 'Alice thought to herself, \'to be going messages for a minute or two, she made out that part.\'.', '2019-04-13 10:59:28', '2013-04-01 21:55:09');
INSERT INTO `reviews` (`user_id`, `video_id`, `body`, `created_at`, `updated_at`) VALUES (173, 37, 'Soup of the door began sneezing all at once. The Dormouse again took a minute or two she walked.', '2015-04-01 15:25:41', '2018-01-12 05:54:56');
INSERT INTO `reviews` (`user_id`, `video_id`, `body`, `created_at`, `updated_at`) VALUES (173, 74, 'Gryphon. \'How the creatures order one about, and crept a little bit of the game, the Queen put on.', '2013-02-09 21:16:40', '2019-04-28 10:01:38');
INSERT INTO `reviews` (`user_id`, `video_id`, `body`, `created_at`, `updated_at`) VALUES (173, 80, 'I!\' said the Mouse, turning to Alice: he had come back in a minute or two, they began running when.', '2013-06-27 01:44:04', '2020-11-18 01:51:11');
INSERT INTO `reviews` (`user_id`, `video_id`, `body`, `created_at`, `updated_at`) VALUES (174, 58, 'Panther took pie-crust, and gravy, and meat, While the Panther were sharing a pie--\' [later.', '2012-08-31 06:47:21', '2011-09-05 04:36:02');
INSERT INTO `reviews` (`user_id`, `video_id`, `body`, `created_at`, `updated_at`) VALUES (175, 2, 'Which shall sing?\' \'Oh, YOU sing,\' said the March Hare. Alice was beginning to see the earth takes.', '2017-12-12 12:14:25', '2012-11-17 20:48:55');
INSERT INTO `reviews` (`user_id`, `video_id`, `body`, `created_at`, `updated_at`) VALUES (175, 9, 'Queen to-day?\' \'I should have liked teaching it tricks very much, if--if I\'d only been the right.', '2016-07-27 05:49:31', '2014-03-30 22:57:18');
INSERT INTO `reviews` (`user_id`, `video_id`, `body`, `created_at`, `updated_at`) VALUES (175, 86, 'I can listen all day to such stuff? Be off, or I\'ll have you executed, whether you\'re nervous or.', '2019-12-13 20:11:25', '2013-12-17 21:14:30');
INSERT INTO `reviews` (`user_id`, `video_id`, `body`, `created_at`, `updated_at`) VALUES (176, 13, 'YOU, and no one could possibly hear you.\' And certainly there was a very difficult question..', '2016-12-30 02:43:13', '2019-10-25 18:12:35');
INSERT INTO `reviews` (`user_id`, `video_id`, `body`, `created_at`, `updated_at`) VALUES (177, 84, 'Alice said to herself, as well she might, what a Gryphon is, look at a king,\' said Alice. \'Oh,.', '2011-07-05 02:03:13', '2019-07-01 12:57:59');
INSERT INTO `reviews` (`user_id`, `video_id`, `body`, `created_at`, `updated_at`) VALUES (179, 17, 'Alice had no idea how confusing it is almost certain to disagree with you, sooner or later..', '2012-11-29 13:42:06', '2015-07-28 14:12:11');
INSERT INTO `reviews` (`user_id`, `video_id`, `body`, `created_at`, `updated_at`) VALUES (179, 36, 'I hadn\'t gone down that rabbit-hole--and yet--and yet--it\'s rather curious, you know, and he.', '2016-07-03 09:42:04', '2017-05-24 07:08:52');
INSERT INTO `reviews` (`user_id`, `video_id`, `body`, `created_at`, `updated_at`) VALUES (179, 41, 'Alice could not help thinking there MUST be more to be listening, so she went on talking: \'Dear,.', '2020-10-29 01:10:11', '2013-07-30 21:49:23');
INSERT INTO `reviews` (`user_id`, `video_id`, `body`, `created_at`, `updated_at`) VALUES (179, 43, 'Alice, \'when one wasn\'t always growing larger and smaller, and being ordered about in the window,.', '2013-02-07 18:08:20', '2016-01-25 08:11:29');
INSERT INTO `reviews` (`user_id`, `video_id`, `body`, `created_at`, `updated_at`) VALUES (180, 20, 'This did not seem to dry me at home! Why, I do it again and again.\' \'You are all dry, he is gay as.', '2013-03-10 00:46:55', '2012-04-30 22:41:53');
INSERT INTO `reviews` (`user_id`, `video_id`, `body`, `created_at`, `updated_at`) VALUES (181, 90, 'I\'d nearly forgotten to ask.\' \'It turned into a pig,\' Alice quietly said, just as I\'d taken the.', '2012-10-30 09:32:43', '2015-01-20 15:14:40');
INSERT INTO `reviews` (`user_id`, `video_id`, `body`, `created_at`, `updated_at`) VALUES (182, 18, 'MINE.\' The Queen smiled and passed on. \'Who ARE you doing out here? Run home this moment, I tell.', '2015-03-29 22:32:55', '2019-01-08 14:55:05');
INSERT INTO `reviews` (`user_id`, `video_id`, `body`, `created_at`, `updated_at`) VALUES (182, 63, 'English coast you find a thing,\' said the Queen, who were lying on their slates, and then they.', '2012-04-21 18:58:44', '2013-03-10 05:08:40');
INSERT INTO `reviews` (`user_id`, `video_id`, `body`, `created_at`, `updated_at`) VALUES (182, 82, 'I almost wish I\'d gone to see what the moral of that is--\"The more there is of mine, the less.', '2020-11-03 22:05:30', '2015-11-08 21:40:30');
INSERT INTO `reviews` (`user_id`, `video_id`, `body`, `created_at`, `updated_at`) VALUES (182, 88, 'Shakespeare, in the same as the Lory hastily. \'I thought it would be quite absurd for her neck.', '2011-05-16 12:36:48', '2016-10-25 17:10:03');
INSERT INTO `reviews` (`user_id`, `video_id`, `body`, `created_at`, `updated_at`) VALUES (182, 97, 'Duck and a large canvas bag, which tied up at this moment Alice felt dreadfully puzzled. The.', '2019-10-01 14:47:23', '2016-03-15 20:09:32');
INSERT INTO `reviews` (`user_id`, `video_id`, `body`, `created_at`, `updated_at`) VALUES (183, 68, 'IT. It\'s HIM.\' \'I don\'t see how he can EVEN finish, if he thought it would,\' said the Cat, \'or you.', '2012-07-07 09:45:49', '2018-11-08 02:09:13');
INSERT INTO `reviews` (`user_id`, `video_id`, `body`, `created_at`, `updated_at`) VALUES (184, 22, 'Queen of Hearts, he stole those tarts, And took them quite away!\' \'Consider your verdict,\' he said.', '2016-12-04 22:59:01', '2017-09-01 19:56:26');
INSERT INTO `reviews` (`user_id`, `video_id`, `body`, `created_at`, `updated_at`) VALUES (184, 47, 'Mouse, turning to Alice as it turned a corner, \'Oh my ears and the m--\' But here, to Alice\'s side.', '2015-12-17 19:02:47', '2015-08-30 14:32:44');
INSERT INTO `reviews` (`user_id`, `video_id`, `body`, `created_at`, `updated_at`) VALUES (185, 21, 'Cat, and vanished again. Alice waited patiently until it chose to speak good English); \'now I\'m.', '2021-04-10 03:46:54', '2017-10-10 19:40:28');
INSERT INTO `reviews` (`user_id`, `video_id`, `body`, `created_at`, `updated_at`) VALUES (186, 75, 'Wonderland of long ago: and how she was talking. Alice could see this, as she stood looking at the.', '2015-08-18 10:34:06', '2013-06-18 17:27:30');
INSERT INTO `reviews` (`user_id`, `video_id`, `body`, `created_at`, `updated_at`) VALUES (187, 76, 'Alice thought she had hurt the poor little juror (it was Bill, I fancy--Who\'s to go down the.', '2014-11-13 08:56:01', '2012-02-18 00:05:43');
INSERT INTO `reviews` (`user_id`, `video_id`, `body`, `created_at`, `updated_at`) VALUES (187, 91, 'Alice indignantly. \'Let me alone!\' \'Serpent, I say again!\' repeated the Pigeon, but in a.', '2017-12-26 15:10:07', '2013-07-19 14:52:19');
INSERT INTO `reviews` (`user_id`, `video_id`, `body`, `created_at`, `updated_at`) VALUES (188, 62, 'See how eagerly the lobsters to the door. \'Call the next verse,\' the Gryphon as if nothing had.', '2021-04-15 01:47:07', '2019-05-17 10:59:21');
INSERT INTO `reviews` (`user_id`, `video_id`, `body`, `created_at`, `updated_at`) VALUES (188, 63, 'There was a bright brass plate with the glass table and the moon, and memory, and muchness--you.', '2014-11-17 10:02:34', '2013-03-28 23:45:46');
INSERT INTO `reviews` (`user_id`, `video_id`, `body`, `created_at`, `updated_at`) VALUES (189, 83, 'I don\'t believe you do either!\' And the muscular strength, which it gave to my right size: the.', '2015-11-16 13:00:29', '2014-10-03 08:52:12');
INSERT INTO `reviews` (`user_id`, `video_id`, `body`, `created_at`, `updated_at`) VALUES (191, 19, 'COULD! I\'m sure I can\'t quite follow it as a partner!\' cried the Gryphon, and the Queen, but she.', '2021-01-28 15:24:03', '2018-12-03 16:20:57');
INSERT INTO `reviews` (`user_id`, `video_id`, `body`, `created_at`, `updated_at`) VALUES (191, 28, 'Indeed, she had known them all her wonderful Adventures, till she got to come yet, please your.', '2017-10-26 14:55:41', '2018-06-06 02:46:29');
INSERT INTO `reviews` (`user_id`, `video_id`, `body`, `created_at`, `updated_at`) VALUES (191, 69, 'THAT. Then again--\"BEFORE SHE HAD THIS FIT--\" you never to lose YOUR temper!\' \'Hold your tongue!\'.', '2015-05-15 14:34:59', '2011-11-11 07:54:10');
INSERT INTO `reviews` (`user_id`, `video_id`, `body`, `created_at`, `updated_at`) VALUES (191, 83, 'Alice could see it quite plainly through the wood. \'It\'s the stupidest tea-party I ever saw one.', '2018-05-27 07:51:31', '2015-09-16 09:02:40');
INSERT INTO `reviews` (`user_id`, `video_id`, `body`, `created_at`, `updated_at`) VALUES (192, 14, 'Hatter and the cool fountains. CHAPTER VIII. The Queen\'s argument was, that she did not get hold.', '2015-10-04 04:56:25', '2020-07-10 06:42:16');
INSERT INTO `reviews` (`user_id`, `video_id`, `body`, `created_at`, `updated_at`) VALUES (192, 52, 'Mock Turtle. \'And how did you begin?\' The Hatter shook his head mournfully. \'Not I!\' he replied..', '2016-06-17 08:32:59', '2018-04-12 11:48:50');
INSERT INTO `reviews` (`user_id`, `video_id`, `body`, `created_at`, `updated_at`) VALUES (193, 1, 'March Hare,) \'--it was at in all their simple sorrows, and find a thing,\' said the Mock Turtle.', '2016-04-13 11:40:16', '2012-12-06 11:18:53');
INSERT INTO `reviews` (`user_id`, `video_id`, `body`, `created_at`, `updated_at`) VALUES (195, 11, 'I don\'t remember where.\' \'Well, it must be the right size, that it was not a VERY unpleasant state.', '2012-09-19 21:07:12', '2020-08-19 12:51:02');
INSERT INTO `reviews` (`user_id`, `video_id`, `body`, `created_at`, `updated_at`) VALUES (195, 72, 'I shall be punished for it was certainly English. \'I don\'t know what to beautify is, I suppose?\'.', '2017-05-01 02:38:57', '2019-05-12 12:07:43');
INSERT INTO `reviews` (`user_id`, `video_id`, `body`, `created_at`, `updated_at`) VALUES (196, 31, 'Please, Ma\'am, is this New Zealand or Australia?\' (and she tried to fancy what the flame of a.', '2019-08-01 15:30:32', '2013-02-21 20:26:07');
INSERT INTO `reviews` (`user_id`, `video_id`, `body`, `created_at`, `updated_at`) VALUES (196, 68, 'Only I don\'t take this young lady to see that the meeting adjourn, for the hot day made her feel.', '2016-06-10 03:40:03', '2013-01-29 20:44:54');
INSERT INTO `reviews` (`user_id`, `video_id`, `body`, `created_at`, `updated_at`) VALUES (196, 74, 'But she did not at all fairly,\' Alice began, in a trembling voice:-- \'I passed by his face only,.', '2017-03-19 18:24:41', '2012-10-07 15:00:54');
INSERT INTO `reviews` (`user_id`, `video_id`, `body`, `created_at`, `updated_at`) VALUES (197, 8, 'Mock Turtle said: \'advance twice, set to work throwing everything within her reach at the Gryphon.', '2011-09-27 22:16:00', '2012-07-30 02:13:33');
INSERT INTO `reviews` (`user_id`, `video_id`, `body`, `created_at`, `updated_at`) VALUES (197, 29, 'Queen. \'I haven\'t the least notice of her own child-life, and the words \'EAT ME\' were beautifully.', '2015-01-13 10:14:58', '2019-05-26 06:07:06');
INSERT INTO `reviews` (`user_id`, `video_id`, `body`, `created_at`, `updated_at`) VALUES (197, 38, 'I\'m going to do with you. Mind now!\' The poor little thing sat down again in a minute or two,.', '2011-06-09 21:36:20', '2012-02-19 09:15:55');
INSERT INTO `reviews` (`user_id`, `video_id`, `body`, `created_at`, `updated_at`) VALUES (198, 19, 'I was sent for.\' \'You ought to have lessons to learn! Oh, I shouldn\'t like THAT!\' \'Oh, you can\'t.', '2014-06-20 08:29:37', '2019-03-13 08:00:54');
INSERT INTO `reviews` (`user_id`, `video_id`, `body`, `created_at`, `updated_at`) VALUES (199, 33, 'Cat. \'--so long as there was not even get her head in the same thing with you,\' said Alice, quite.', '2019-10-23 01:07:39', '2016-05-09 06:12:22');
INSERT INTO `reviews` (`user_id`, `video_id`, `body`, `created_at`, `updated_at`) VALUES (199, 82, 'Alice aloud, addressing nobody in particular. \'She\'d soon fetch it here, lad!--Here, put \'em up at.', '2012-08-09 14:32:10', '2013-03-14 19:49:55');
INSERT INTO `reviews` (`user_id`, `video_id`, `body`, `created_at`, `updated_at`) VALUES (199, 95, 'I shall ever see such a curious dream, dear, certainly: but now run in to your places!\' shouted.', '2014-07-22 05:27:38', '2016-06-17 06:35:41');
INSERT INTO `reviews` (`user_id`, `video_id`, `body`, `created_at`, `updated_at`) VALUES (200, 68, 'Dormouse was sitting between them, fast asleep, and the little creature down, and nobody spoke for.', '2013-07-11 18:47:30', '2021-01-05 19:22:49');
INSERT INTO `reviews` (`user_id`, `video_id`, `body`, `created_at`, `updated_at`) VALUES (200, 92, 'MARMALADE\', but to her ear. \'You\'re thinking about something, my dear, YOU must cross-examine THIS.', '2014-10-18 13:14:58', '2011-12-04 13:37:21');


#
# TABLE STRUCTURE FOR: roles
#

DROP TABLE IF EXISTS `roles`;

CREATE TABLE `roles` (
  `video_id` int(10) unsigned NOT NULL,
  `person_id` int(10) unsigned NOT NULL,
  `role_type_id` int(10) unsigned NOT NULL COMMENT 'Кем является по отношению к видео',
  `created_at` datetime DEFAULT current_timestamp(),
  PRIMARY KEY (`video_id`,`person_id`,`role_type_id`)
) ENGINE=InnoDB DEFAULT CHARSET=utf8mb4 COLLATE=utf8mb4_unicode_ci;

INSERT INTO `roles` (`video_id`, `person_id`, `role_type_id`, `created_at`) VALUES (1, 25, 1, '2018-02-28 14:44:38');
INSERT INTO `roles` (`video_id`, `person_id`, `role_type_id`, `created_at`) VALUES (1, 27, 2, '2015-09-03 11:20:00');
INSERT INTO `roles` (`video_id`, `person_id`, `role_type_id`, `created_at`) VALUES (1, 32, 2, '2019-08-06 01:30:52');
INSERT INTO `roles` (`video_id`, `person_id`, `role_type_id`, `created_at`) VALUES (1, 61, 1, '2019-02-19 19:54:00');
INSERT INTO `roles` (`video_id`, `person_id`, `role_type_id`, `created_at`) VALUES (1, 80, 4, '2017-06-11 23:17:50');
INSERT INTO `roles` (`video_id`, `person_id`, `role_type_id`, `created_at`) VALUES (2, 2, 1, '2015-04-01 20:30:56');
INSERT INTO `roles` (`video_id`, `person_id`, `role_type_id`, `created_at`) VALUES (2, 3, 3, '2016-04-13 07:56:07');
INSERT INTO `roles` (`video_id`, `person_id`, `role_type_id`, `created_at`) VALUES (2, 25, 3, '2013-10-04 20:30:05');
INSERT INTO `roles` (`video_id`, `person_id`, `role_type_id`, `created_at`) VALUES (2, 78, 2, '2020-03-26 21:24:50');
INSERT INTO `roles` (`video_id`, `person_id`, `role_type_id`, `created_at`) VALUES (2, 93, 2, '2018-03-22 19:39:31');
INSERT INTO `roles` (`video_id`, `person_id`, `role_type_id`, `created_at`) VALUES (3, 22, 4, '2011-05-05 03:41:11');
INSERT INTO `roles` (`video_id`, `person_id`, `role_type_id`, `created_at`) VALUES (3, 32, 2, '2015-12-07 22:10:25');
INSERT INTO `roles` (`video_id`, `person_id`, `role_type_id`, `created_at`) VALUES (3, 60, 1, '2016-06-07 17:28:44');
INSERT INTO `roles` (`video_id`, `person_id`, `role_type_id`, `created_at`) VALUES (3, 73, 1, '2016-06-26 03:00:22');
INSERT INTO `roles` (`video_id`, `person_id`, `role_type_id`, `created_at`) VALUES (3, 87, 2, '2013-10-25 02:00:26');
INSERT INTO `roles` (`video_id`, `person_id`, `role_type_id`, `created_at`) VALUES (4, 60, 4, '2021-02-04 03:05:34');
INSERT INTO `roles` (`video_id`, `person_id`, `role_type_id`, `created_at`) VALUES (4, 87, 1, '2016-08-30 23:25:36');
INSERT INTO `roles` (`video_id`, `person_id`, `role_type_id`, `created_at`) VALUES (5, 1, 3, '2020-08-20 17:17:21');
INSERT INTO `roles` (`video_id`, `person_id`, `role_type_id`, `created_at`) VALUES (5, 42, 2, '2012-03-26 19:56:41');
INSERT INTO `roles` (`video_id`, `person_id`, `role_type_id`, `created_at`) VALUES (5, 45, 1, '2013-05-08 23:36:05');
INSERT INTO `roles` (`video_id`, `person_id`, `role_type_id`, `created_at`) VALUES (5, 95, 4, '2021-02-01 01:32:57');
INSERT INTO `roles` (`video_id`, `person_id`, `role_type_id`, `created_at`) VALUES (6, 9, 3, '2014-03-22 19:59:35');
INSERT INTO `roles` (`video_id`, `person_id`, `role_type_id`, `created_at`) VALUES (6, 82, 1, '2016-10-27 17:04:35');
INSERT INTO `roles` (`video_id`, `person_id`, `role_type_id`, `created_at`) VALUES (6, 99, 4, '2020-09-10 09:19:43');
INSERT INTO `roles` (`video_id`, `person_id`, `role_type_id`, `created_at`) VALUES (7, 13, 3, '2012-04-27 08:01:59');
INSERT INTO `roles` (`video_id`, `person_id`, `role_type_id`, `created_at`) VALUES (7, 27, 3, '2017-12-24 13:44:33');
INSERT INTO `roles` (`video_id`, `person_id`, `role_type_id`, `created_at`) VALUES (7, 32, 2, '2011-06-28 11:33:25');
INSERT INTO `roles` (`video_id`, `person_id`, `role_type_id`, `created_at`) VALUES (7, 40, 4, '2013-03-24 13:07:53');
INSERT INTO `roles` (`video_id`, `person_id`, `role_type_id`, `created_at`) VALUES (7, 65, 2, '2012-08-04 16:05:14');
INSERT INTO `roles` (`video_id`, `person_id`, `role_type_id`, `created_at`) VALUES (7, 76, 3, '2019-08-30 00:55:29');
INSERT INTO `roles` (`video_id`, `person_id`, `role_type_id`, `created_at`) VALUES (8, 20, 4, '2015-03-14 20:03:25');
INSERT INTO `roles` (`video_id`, `person_id`, `role_type_id`, `created_at`) VALUES (8, 57, 1, '2012-06-04 10:43:19');
INSERT INTO `roles` (`video_id`, `person_id`, `role_type_id`, `created_at`) VALUES (8, 84, 3, '2018-12-03 04:41:26');
INSERT INTO `roles` (`video_id`, `person_id`, `role_type_id`, `created_at`) VALUES (8, 86, 2, '2021-01-23 19:55:56');
INSERT INTO `roles` (`video_id`, `person_id`, `role_type_id`, `created_at`) VALUES (9, 27, 1, '2013-01-27 11:29:57');
INSERT INTO `roles` (`video_id`, `person_id`, `role_type_id`, `created_at`) VALUES (9, 50, 2, '2016-01-04 21:32:05');
INSERT INTO `roles` (`video_id`, `person_id`, `role_type_id`, `created_at`) VALUES (9, 57, 1, '2016-08-09 22:59:47');
INSERT INTO `roles` (`video_id`, `person_id`, `role_type_id`, `created_at`) VALUES (10, 5, 1, '2016-04-29 01:23:26');
INSERT INTO `roles` (`video_id`, `person_id`, `role_type_id`, `created_at`) VALUES (10, 66, 1, '2019-09-18 08:17:53');
INSERT INTO `roles` (`video_id`, `person_id`, `role_type_id`, `created_at`) VALUES (11, 4, 3, '2014-10-04 11:08:15');
INSERT INTO `roles` (`video_id`, `person_id`, `role_type_id`, `created_at`) VALUES (11, 32, 3, '2012-09-21 21:09:05');
INSERT INTO `roles` (`video_id`, `person_id`, `role_type_id`, `created_at`) VALUES (11, 63, 1, '2019-02-02 19:28:52');
INSERT INTO `roles` (`video_id`, `person_id`, `role_type_id`, `created_at`) VALUES (11, 89, 2, '2012-10-05 10:47:51');
INSERT INTO `roles` (`video_id`, `person_id`, `role_type_id`, `created_at`) VALUES (12, 19, 2, '2014-07-24 10:02:49');
INSERT INTO `roles` (`video_id`, `person_id`, `role_type_id`, `created_at`) VALUES (12, 55, 1, '2014-01-31 19:40:25');
INSERT INTO `roles` (`video_id`, `person_id`, `role_type_id`, `created_at`) VALUES (12, 76, 3, '2021-02-06 07:47:43');
INSERT INTO `roles` (`video_id`, `person_id`, `role_type_id`, `created_at`) VALUES (12, 78, 1, '2020-12-24 14:38:03');
INSERT INTO `roles` (`video_id`, `person_id`, `role_type_id`, `created_at`) VALUES (13, 3, 4, '2019-06-23 03:29:27');
INSERT INTO `roles` (`video_id`, `person_id`, `role_type_id`, `created_at`) VALUES (13, 17, 3, '2021-04-24 09:31:09');
INSERT INTO `roles` (`video_id`, `person_id`, `role_type_id`, `created_at`) VALUES (13, 21, 1, '2011-09-01 18:27:22');
INSERT INTO `roles` (`video_id`, `person_id`, `role_type_id`, `created_at`) VALUES (13, 30, 2, '2018-10-17 07:53:54');
INSERT INTO `roles` (`video_id`, `person_id`, `role_type_id`, `created_at`) VALUES (13, 69, 4, '2019-03-31 11:08:34');
INSERT INTO `roles` (`video_id`, `person_id`, `role_type_id`, `created_at`) VALUES (13, 79, 4, '2017-04-27 06:22:45');
INSERT INTO `roles` (`video_id`, `person_id`, `role_type_id`, `created_at`) VALUES (14, 57, 4, '2012-03-08 19:14:10');
INSERT INTO `roles` (`video_id`, `person_id`, `role_type_id`, `created_at`) VALUES (14, 81, 2, '2019-02-01 22:18:24');
INSERT INTO `roles` (`video_id`, `person_id`, `role_type_id`, `created_at`) VALUES (15, 36, 2, '2016-10-28 20:12:38');
INSERT INTO `roles` (`video_id`, `person_id`, `role_type_id`, `created_at`) VALUES (15, 94, 4, '2017-06-02 07:14:31');
INSERT INTO `roles` (`video_id`, `person_id`, `role_type_id`, `created_at`) VALUES (16, 9, 1, '2014-12-03 10:55:13');
INSERT INTO `roles` (`video_id`, `person_id`, `role_type_id`, `created_at`) VALUES (16, 12, 2, '2015-06-22 02:18:18');
INSERT INTO `roles` (`video_id`, `person_id`, `role_type_id`, `created_at`) VALUES (16, 77, 4, '2011-06-18 10:00:23');
INSERT INTO `roles` (`video_id`, `person_id`, `role_type_id`, `created_at`) VALUES (16, 91, 1, '2013-06-08 20:44:53');
INSERT INTO `roles` (`video_id`, `person_id`, `role_type_id`, `created_at`) VALUES (16, 94, 3, '2017-03-15 22:44:18');
INSERT INTO `roles` (`video_id`, `person_id`, `role_type_id`, `created_at`) VALUES (17, 7, 2, '2019-05-08 18:58:45');
INSERT INTO `roles` (`video_id`, `person_id`, `role_type_id`, `created_at`) VALUES (17, 37, 3, '2016-12-29 00:05:47');
INSERT INTO `roles` (`video_id`, `person_id`, `role_type_id`, `created_at`) VALUES (17, 49, 4, '2014-12-02 06:03:30');
INSERT INTO `roles` (`video_id`, `person_id`, `role_type_id`, `created_at`) VALUES (17, 55, 4, '2015-05-21 16:59:52');
INSERT INTO `roles` (`video_id`, `person_id`, `role_type_id`, `created_at`) VALUES (17, 81, 4, '2017-08-10 19:31:04');
INSERT INTO `roles` (`video_id`, `person_id`, `role_type_id`, `created_at`) VALUES (18, 91, 4, '2016-10-12 16:09:15');
INSERT INTO `roles` (`video_id`, `person_id`, `role_type_id`, `created_at`) VALUES (19, 3, 2, '2011-11-21 11:50:53');
INSERT INTO `roles` (`video_id`, `person_id`, `role_type_id`, `created_at`) VALUES (19, 17, 4, '2020-11-15 04:34:17');
INSERT INTO `roles` (`video_id`, `person_id`, `role_type_id`, `created_at`) VALUES (19, 81, 1, '2019-11-12 22:27:14');
INSERT INTO `roles` (`video_id`, `person_id`, `role_type_id`, `created_at`) VALUES (20, 26, 3, '2016-08-13 14:46:18');
INSERT INTO `roles` (`video_id`, `person_id`, `role_type_id`, `created_at`) VALUES (20, 94, 3, '2013-06-25 00:30:17');
INSERT INTO `roles` (`video_id`, `person_id`, `role_type_id`, `created_at`) VALUES (21, 8, 3, '2015-04-25 20:13:35');
INSERT INTO `roles` (`video_id`, `person_id`, `role_type_id`, `created_at`) VALUES (21, 38, 3, '2014-10-11 09:19:41');
INSERT INTO `roles` (`video_id`, `person_id`, `role_type_id`, `created_at`) VALUES (22, 21, 3, '2017-03-12 14:46:11');
INSERT INTO `roles` (`video_id`, `person_id`, `role_type_id`, `created_at`) VALUES (22, 53, 1, '2018-08-08 07:47:05');
INSERT INTO `roles` (`video_id`, `person_id`, `role_type_id`, `created_at`) VALUES (23, 12, 1, '2018-05-16 15:25:09');
INSERT INTO `roles` (`video_id`, `person_id`, `role_type_id`, `created_at`) VALUES (23, 46, 3, '2018-12-04 13:56:23');
INSERT INTO `roles` (`video_id`, `person_id`, `role_type_id`, `created_at`) VALUES (24, 30, 3, '2018-01-31 13:34:32');
INSERT INTO `roles` (`video_id`, `person_id`, `role_type_id`, `created_at`) VALUES (24, 48, 2, '2019-05-13 22:33:10');
INSERT INTO `roles` (`video_id`, `person_id`, `role_type_id`, `created_at`) VALUES (24, 52, 1, '2013-12-21 22:27:44');
INSERT INTO `roles` (`video_id`, `person_id`, `role_type_id`, `created_at`) VALUES (24, 61, 2, '2018-07-22 01:05:27');
INSERT INTO `roles` (`video_id`, `person_id`, `role_type_id`, `created_at`) VALUES (24, 68, 4, '2012-06-02 04:54:55');
INSERT INTO `roles` (`video_id`, `person_id`, `role_type_id`, `created_at`) VALUES (24, 77, 1, '2014-07-29 15:47:49');
INSERT INTO `roles` (`video_id`, `person_id`, `role_type_id`, `created_at`) VALUES (24, 83, 2, '2011-09-09 20:55:54');
INSERT INTO `roles` (`video_id`, `person_id`, `role_type_id`, `created_at`) VALUES (24, 83, 4, '2017-08-26 08:38:57');
INSERT INTO `roles` (`video_id`, `person_id`, `role_type_id`, `created_at`) VALUES (24, 91, 2, '2019-02-10 03:12:13');
INSERT INTO `roles` (`video_id`, `person_id`, `role_type_id`, `created_at`) VALUES (25, 7, 1, '2019-05-22 13:01:32');
INSERT INTO `roles` (`video_id`, `person_id`, `role_type_id`, `created_at`) VALUES (25, 8, 4, '2014-04-26 20:17:28');
INSERT INTO `roles` (`video_id`, `person_id`, `role_type_id`, `created_at`) VALUES (25, 32, 3, '2020-10-02 19:19:39');
INSERT INTO `roles` (`video_id`, `person_id`, `role_type_id`, `created_at`) VALUES (25, 51, 4, '2018-04-09 05:07:56');
INSERT INTO `roles` (`video_id`, `person_id`, `role_type_id`, `created_at`) VALUES (25, 69, 1, '2015-02-15 08:07:22');
INSERT INTO `roles` (`video_id`, `person_id`, `role_type_id`, `created_at`) VALUES (25, 80, 2, '2019-09-12 17:17:36');
INSERT INTO `roles` (`video_id`, `person_id`, `role_type_id`, `created_at`) VALUES (25, 85, 4, '2012-04-23 23:43:51');
INSERT INTO `roles` (`video_id`, `person_id`, `role_type_id`, `created_at`) VALUES (25, 93, 4, '2016-09-10 02:15:13');
INSERT INTO `roles` (`video_id`, `person_id`, `role_type_id`, `created_at`) VALUES (26, 31, 3, '2019-08-28 23:54:44');
INSERT INTO `roles` (`video_id`, `person_id`, `role_type_id`, `created_at`) VALUES (26, 57, 4, '2015-09-14 00:34:51');
INSERT INTO `roles` (`video_id`, `person_id`, `role_type_id`, `created_at`) VALUES (26, 71, 4, '2014-03-28 05:21:44');
INSERT INTO `roles` (`video_id`, `person_id`, `role_type_id`, `created_at`) VALUES (26, 73, 4, '2017-06-18 15:51:21');
INSERT INTO `roles` (`video_id`, `person_id`, `role_type_id`, `created_at`) VALUES (26, 85, 4, '2014-11-05 01:21:11');
INSERT INTO `roles` (`video_id`, `person_id`, `role_type_id`, `created_at`) VALUES (26, 86, 3, '2020-12-19 11:17:18');
INSERT INTO `roles` (`video_id`, `person_id`, `role_type_id`, `created_at`) VALUES (27, 24, 1, '2020-09-07 02:00:50');
INSERT INTO `roles` (`video_id`, `person_id`, `role_type_id`, `created_at`) VALUES (27, 29, 4, '2020-08-14 14:39:07');
INSERT INTO `roles` (`video_id`, `person_id`, `role_type_id`, `created_at`) VALUES (27, 39, 3, '2016-09-28 16:56:30');
INSERT INTO `roles` (`video_id`, `person_id`, `role_type_id`, `created_at`) VALUES (27, 73, 1, '2018-03-14 18:21:47');
INSERT INTO `roles` (`video_id`, `person_id`, `role_type_id`, `created_at`) VALUES (27, 86, 2, '2017-10-25 13:17:42');
INSERT INTO `roles` (`video_id`, `person_id`, `role_type_id`, `created_at`) VALUES (28, 20, 3, '2015-04-06 12:57:03');
INSERT INTO `roles` (`video_id`, `person_id`, `role_type_id`, `created_at`) VALUES (28, 22, 2, '2011-08-08 20:28:55');
INSERT INTO `roles` (`video_id`, `person_id`, `role_type_id`, `created_at`) VALUES (28, 37, 2, '2012-10-15 06:05:45');
INSERT INTO `roles` (`video_id`, `person_id`, `role_type_id`, `created_at`) VALUES (28, 41, 4, '2015-05-23 05:52:33');
INSERT INTO `roles` (`video_id`, `person_id`, `role_type_id`, `created_at`) VALUES (28, 43, 3, '2016-01-18 16:25:56');
INSERT INTO `roles` (`video_id`, `person_id`, `role_type_id`, `created_at`) VALUES (28, 98, 1, '2015-08-26 22:44:11');
INSERT INTO `roles` (`video_id`, `person_id`, `role_type_id`, `created_at`) VALUES (29, 10, 3, '2019-01-23 15:55:59');
INSERT INTO `roles` (`video_id`, `person_id`, `role_type_id`, `created_at`) VALUES (29, 36, 1, '2020-01-06 00:40:20');
INSERT INTO `roles` (`video_id`, `person_id`, `role_type_id`, `created_at`) VALUES (29, 56, 4, '2012-06-03 14:59:43');
INSERT INTO `roles` (`video_id`, `person_id`, `role_type_id`, `created_at`) VALUES (30, 9, 3, '2016-12-11 16:43:03');
INSERT INTO `roles` (`video_id`, `person_id`, `role_type_id`, `created_at`) VALUES (30, 38, 2, '2018-12-06 22:54:30');
INSERT INTO `roles` (`video_id`, `person_id`, `role_type_id`, `created_at`) VALUES (30, 73, 1, '2013-07-22 11:37:46');
INSERT INTO `roles` (`video_id`, `person_id`, `role_type_id`, `created_at`) VALUES (30, 98, 1, '2016-03-19 02:25:11');
INSERT INTO `roles` (`video_id`, `person_id`, `role_type_id`, `created_at`) VALUES (31, 1, 4, '2015-02-02 17:59:01');
INSERT INTO `roles` (`video_id`, `person_id`, `role_type_id`, `created_at`) VALUES (31, 16, 2, '2012-12-06 13:34:07');
INSERT INTO `roles` (`video_id`, `person_id`, `role_type_id`, `created_at`) VALUES (31, 24, 2, '2018-10-04 18:54:07');
INSERT INTO `roles` (`video_id`, `person_id`, `role_type_id`, `created_at`) VALUES (31, 33, 3, '2012-08-23 06:35:10');
INSERT INTO `roles` (`video_id`, `person_id`, `role_type_id`, `created_at`) VALUES (31, 35, 3, '2018-02-16 00:09:38');
INSERT INTO `roles` (`video_id`, `person_id`, `role_type_id`, `created_at`) VALUES (31, 51, 3, '2018-04-19 16:08:15');
INSERT INTO `roles` (`video_id`, `person_id`, `role_type_id`, `created_at`) VALUES (32, 39, 2, '2012-03-17 17:04:17');
INSERT INTO `roles` (`video_id`, `person_id`, `role_type_id`, `created_at`) VALUES (32, 51, 1, '2016-04-26 22:35:35');
INSERT INTO `roles` (`video_id`, `person_id`, `role_type_id`, `created_at`) VALUES (32, 52, 3, '2020-12-06 20:34:15');
INSERT INTO `roles` (`video_id`, `person_id`, `role_type_id`, `created_at`) VALUES (32, 86, 2, '2016-10-24 03:42:25');
INSERT INTO `roles` (`video_id`, `person_id`, `role_type_id`, `created_at`) VALUES (32, 92, 1, '2012-05-06 03:14:03');
INSERT INTO `roles` (`video_id`, `person_id`, `role_type_id`, `created_at`) VALUES (32, 92, 4, '2011-09-17 04:26:55');
INSERT INTO `roles` (`video_id`, `person_id`, `role_type_id`, `created_at`) VALUES (33, 7, 1, '2019-06-08 18:37:49');
INSERT INTO `roles` (`video_id`, `person_id`, `role_type_id`, `created_at`) VALUES (33, 7, 2, '2014-06-18 21:53:33');
INSERT INTO `roles` (`video_id`, `person_id`, `role_type_id`, `created_at`) VALUES (33, 20, 3, '2012-09-16 18:24:38');
INSERT INTO `roles` (`video_id`, `person_id`, `role_type_id`, `created_at`) VALUES (33, 61, 3, '2017-02-26 12:17:50');
INSERT INTO `roles` (`video_id`, `person_id`, `role_type_id`, `created_at`) VALUES (33, 82, 4, '2012-12-04 07:27:40');
INSERT INTO `roles` (`video_id`, `person_id`, `role_type_id`, `created_at`) VALUES (34, 62, 4, '2015-11-25 14:25:13');
INSERT INTO `roles` (`video_id`, `person_id`, `role_type_id`, `created_at`) VALUES (34, 71, 4, '2014-12-28 21:34:46');
INSERT INTO `roles` (`video_id`, `person_id`, `role_type_id`, `created_at`) VALUES (34, 75, 3, '2019-03-24 01:35:33');
INSERT INTO `roles` (`video_id`, `person_id`, `role_type_id`, `created_at`) VALUES (35, 54, 1, '2014-06-30 22:24:28');
INSERT INTO `roles` (`video_id`, `person_id`, `role_type_id`, `created_at`) VALUES (35, 56, 2, '2011-05-07 03:08:39');
INSERT INTO `roles` (`video_id`, `person_id`, `role_type_id`, `created_at`) VALUES (35, 77, 2, '2012-12-05 13:37:35');
INSERT INTO `roles` (`video_id`, `person_id`, `role_type_id`, `created_at`) VALUES (35, 97, 2, '2016-08-15 17:17:42');
INSERT INTO `roles` (`video_id`, `person_id`, `role_type_id`, `created_at`) VALUES (36, 15, 2, '2013-05-02 14:46:36');
INSERT INTO `roles` (`video_id`, `person_id`, `role_type_id`, `created_at`) VALUES (36, 41, 2, '2017-12-27 14:08:18');
INSERT INTO `roles` (`video_id`, `person_id`, `role_type_id`, `created_at`) VALUES (36, 84, 1, '2012-06-15 06:06:08');
INSERT INTO `roles` (`video_id`, `person_id`, `role_type_id`, `created_at`) VALUES (36, 91, 3, '2015-06-10 21:00:56');
INSERT INTO `roles` (`video_id`, `person_id`, `role_type_id`, `created_at`) VALUES (36, 100, 3, '2014-05-18 17:49:16');
INSERT INTO `roles` (`video_id`, `person_id`, `role_type_id`, `created_at`) VALUES (37, 1, 1, '2020-04-23 13:55:57');
INSERT INTO `roles` (`video_id`, `person_id`, `role_type_id`, `created_at`) VALUES (37, 20, 1, '2015-07-03 19:43:21');
INSERT INTO `roles` (`video_id`, `person_id`, `role_type_id`, `created_at`) VALUES (38, 8, 4, '2011-08-10 23:38:35');
INSERT INTO `roles` (`video_id`, `person_id`, `role_type_id`, `created_at`) VALUES (38, 31, 3, '2015-02-07 11:30:19');
INSERT INTO `roles` (`video_id`, `person_id`, `role_type_id`, `created_at`) VALUES (38, 59, 4, '2013-08-31 15:48:08');
INSERT INTO `roles` (`video_id`, `person_id`, `role_type_id`, `created_at`) VALUES (38, 87, 4, '2016-02-22 05:15:54');
INSERT INTO `roles` (`video_id`, `person_id`, `role_type_id`, `created_at`) VALUES (38, 95, 4, '2015-09-03 08:41:27');
INSERT INTO `roles` (`video_id`, `person_id`, `role_type_id`, `created_at`) VALUES (39, 65, 3, '2019-03-15 12:17:00');
INSERT INTO `roles` (`video_id`, `person_id`, `role_type_id`, `created_at`) VALUES (39, 70, 4, '2020-01-09 15:18:23');
INSERT INTO `roles` (`video_id`, `person_id`, `role_type_id`, `created_at`) VALUES (39, 73, 1, '2016-02-16 15:13:26');
INSERT INTO `roles` (`video_id`, `person_id`, `role_type_id`, `created_at`) VALUES (39, 96, 4, '2019-01-08 08:44:00');
INSERT INTO `roles` (`video_id`, `person_id`, `role_type_id`, `created_at`) VALUES (40, 10, 2, '2019-05-13 03:04:00');
INSERT INTO `roles` (`video_id`, `person_id`, `role_type_id`, `created_at`) VALUES (40, 11, 1, '2015-12-25 18:21:53');
INSERT INTO `roles` (`video_id`, `person_id`, `role_type_id`, `created_at`) VALUES (40, 87, 2, '2014-10-16 01:06:53');
INSERT INTO `roles` (`video_id`, `person_id`, `role_type_id`, `created_at`) VALUES (41, 26, 2, '2014-03-02 11:17:17');
INSERT INTO `roles` (`video_id`, `person_id`, `role_type_id`, `created_at`) VALUES (41, 64, 1, '2016-08-26 01:26:18');
INSERT INTO `roles` (`video_id`, `person_id`, `role_type_id`, `created_at`) VALUES (42, 16, 1, '2012-07-31 12:44:25');
INSERT INTO `roles` (`video_id`, `person_id`, `role_type_id`, `created_at`) VALUES (42, 17, 3, '2019-09-22 11:34:28');
INSERT INTO `roles` (`video_id`, `person_id`, `role_type_id`, `created_at`) VALUES (42, 25, 3, '2017-02-22 00:49:38');
INSERT INTO `roles` (`video_id`, `person_id`, `role_type_id`, `created_at`) VALUES (42, 38, 1, '2013-05-22 07:06:42');
INSERT INTO `roles` (`video_id`, `person_id`, `role_type_id`, `created_at`) VALUES (42, 69, 1, '2015-04-30 11:23:08');
INSERT INTO `roles` (`video_id`, `person_id`, `role_type_id`, `created_at`) VALUES (42, 79, 1, '2012-11-26 02:05:19');
INSERT INTO `roles` (`video_id`, `person_id`, `role_type_id`, `created_at`) VALUES (43, 43, 4, '2013-12-06 04:51:39');
INSERT INTO `roles` (`video_id`, `person_id`, `role_type_id`, `created_at`) VALUES (43, 79, 2, '2019-12-17 09:46:43');
INSERT INTO `roles` (`video_id`, `person_id`, `role_type_id`, `created_at`) VALUES (43, 80, 3, '2018-06-03 19:46:34');
INSERT INTO `roles` (`video_id`, `person_id`, `role_type_id`, `created_at`) VALUES (43, 87, 2, '2012-06-19 21:33:30');
INSERT INTO `roles` (`video_id`, `person_id`, `role_type_id`, `created_at`) VALUES (44, 2, 2, '2016-02-02 23:51:10');
INSERT INTO `roles` (`video_id`, `person_id`, `role_type_id`, `created_at`) VALUES (44, 7, 3, '2020-06-21 06:50:34');
INSERT INTO `roles` (`video_id`, `person_id`, `role_type_id`, `created_at`) VALUES (44, 22, 1, '2020-03-24 15:48:02');
INSERT INTO `roles` (`video_id`, `person_id`, `role_type_id`, `created_at`) VALUES (44, 95, 3, '2012-11-15 23:32:59');
INSERT INTO `roles` (`video_id`, `person_id`, `role_type_id`, `created_at`) VALUES (44, 97, 3, '2015-08-17 10:13:26');
INSERT INTO `roles` (`video_id`, `person_id`, `role_type_id`, `created_at`) VALUES (44, 99, 1, '2013-08-13 06:02:22');
INSERT INTO `roles` (`video_id`, `person_id`, `role_type_id`, `created_at`) VALUES (45, 43, 2, '2012-07-22 16:29:15');
INSERT INTO `roles` (`video_id`, `person_id`, `role_type_id`, `created_at`) VALUES (45, 43, 3, '2014-01-06 19:26:14');
INSERT INTO `roles` (`video_id`, `person_id`, `role_type_id`, `created_at`) VALUES (45, 57, 2, '2014-07-21 01:14:53');
INSERT INTO `roles` (`video_id`, `person_id`, `role_type_id`, `created_at`) VALUES (45, 73, 4, '2020-05-08 08:46:34');
INSERT INTO `roles` (`video_id`, `person_id`, `role_type_id`, `created_at`) VALUES (45, 79, 3, '2019-08-15 21:08:42');
INSERT INTO `roles` (`video_id`, `person_id`, `role_type_id`, `created_at`) VALUES (45, 91, 2, '2014-12-03 02:32:35');
INSERT INTO `roles` (`video_id`, `person_id`, `role_type_id`, `created_at`) VALUES (46, 30, 2, '2016-09-16 13:24:07');
INSERT INTO `roles` (`video_id`, `person_id`, `role_type_id`, `created_at`) VALUES (46, 41, 3, '2018-03-01 22:01:32');
INSERT INTO `roles` (`video_id`, `person_id`, `role_type_id`, `created_at`) VALUES (46, 64, 3, '2014-06-12 13:40:57');
INSERT INTO `roles` (`video_id`, `person_id`, `role_type_id`, `created_at`) VALUES (46, 66, 2, '2018-12-12 01:56:46');
INSERT INTO `roles` (`video_id`, `person_id`, `role_type_id`, `created_at`) VALUES (46, 97, 4, '2013-07-10 12:22:53');
INSERT INTO `roles` (`video_id`, `person_id`, `role_type_id`, `created_at`) VALUES (47, 21, 4, '2020-05-20 01:26:06');
INSERT INTO `roles` (`video_id`, `person_id`, `role_type_id`, `created_at`) VALUES (47, 87, 3, '2019-08-03 19:36:54');
INSERT INTO `roles` (`video_id`, `person_id`, `role_type_id`, `created_at`) VALUES (47, 99, 1, '2021-02-06 14:27:44');
INSERT INTO `roles` (`video_id`, `person_id`, `role_type_id`, `created_at`) VALUES (48, 17, 3, '2016-09-07 16:52:44');
INSERT INTO `roles` (`video_id`, `person_id`, `role_type_id`, `created_at`) VALUES (48, 54, 4, '2020-03-11 16:06:15');
INSERT INTO `roles` (`video_id`, `person_id`, `role_type_id`, `created_at`) VALUES (48, 85, 1, '2013-11-18 04:52:51');
INSERT INTO `roles` (`video_id`, `person_id`, `role_type_id`, `created_at`) VALUES (49, 59, 4, '2020-03-24 02:21:23');
INSERT INTO `roles` (`video_id`, `person_id`, `role_type_id`, `created_at`) VALUES (49, 65, 2, '2018-11-04 05:15:24');
INSERT INTO `roles` (`video_id`, `person_id`, `role_type_id`, `created_at`) VALUES (50, 13, 3, '2015-11-22 10:50:14');
INSERT INTO `roles` (`video_id`, `person_id`, `role_type_id`, `created_at`) VALUES (50, 98, 3, '2019-07-15 02:28:29');
INSERT INTO `roles` (`video_id`, `person_id`, `role_type_id`, `created_at`) VALUES (51, 55, 4, '2020-09-10 11:36:30');
INSERT INTO `roles` (`video_id`, `person_id`, `role_type_id`, `created_at`) VALUES (51, 58, 4, '2011-07-23 19:55:24');
INSERT INTO `roles` (`video_id`, `person_id`, `role_type_id`, `created_at`) VALUES (51, 67, 2, '2018-06-24 05:21:39');
INSERT INTO `roles` (`video_id`, `person_id`, `role_type_id`, `created_at`) VALUES (52, 2, 3, '2014-01-21 14:02:13');
INSERT INTO `roles` (`video_id`, `person_id`, `role_type_id`, `created_at`) VALUES (52, 27, 2, '2011-08-24 20:01:08');
INSERT INTO `roles` (`video_id`, `person_id`, `role_type_id`, `created_at`) VALUES (53, 26, 3, '2016-06-19 00:25:48');
INSERT INTO `roles` (`video_id`, `person_id`, `role_type_id`, `created_at`) VALUES (54, 22, 4, '2014-07-01 05:47:31');
INSERT INTO `roles` (`video_id`, `person_id`, `role_type_id`, `created_at`) VALUES (54, 65, 2, '2018-04-19 18:54:21');
INSERT INTO `roles` (`video_id`, `person_id`, `role_type_id`, `created_at`) VALUES (54, 95, 2, '2012-01-10 11:41:24');
INSERT INTO `roles` (`video_id`, `person_id`, `role_type_id`, `created_at`) VALUES (54, 99, 4, '2019-01-22 05:39:10');
INSERT INTO `roles` (`video_id`, `person_id`, `role_type_id`, `created_at`) VALUES (54, 100, 3, '2015-08-30 12:56:17');
INSERT INTO `roles` (`video_id`, `person_id`, `role_type_id`, `created_at`) VALUES (55, 13, 1, '2018-07-20 03:11:56');
INSERT INTO `roles` (`video_id`, `person_id`, `role_type_id`, `created_at`) VALUES (55, 54, 4, '2014-08-27 07:31:01');
INSERT INTO `roles` (`video_id`, `person_id`, `role_type_id`, `created_at`) VALUES (55, 62, 4, '2020-08-09 05:37:24');
INSERT INTO `roles` (`video_id`, `person_id`, `role_type_id`, `created_at`) VALUES (55, 88, 1, '2020-12-11 23:37:30');
INSERT INTO `roles` (`video_id`, `person_id`, `role_type_id`, `created_at`) VALUES (55, 97, 3, '2021-04-24 13:44:07');
INSERT INTO `roles` (`video_id`, `person_id`, `role_type_id`, `created_at`) VALUES (56, 3, 2, '2018-01-17 08:06:24');
INSERT INTO `roles` (`video_id`, `person_id`, `role_type_id`, `created_at`) VALUES (56, 12, 3, '2012-12-05 13:21:39');
INSERT INTO `roles` (`video_id`, `person_id`, `role_type_id`, `created_at`) VALUES (56, 17, 2, '2020-11-29 03:18:33');
INSERT INTO `roles` (`video_id`, `person_id`, `role_type_id`, `created_at`) VALUES (56, 46, 3, '2020-04-05 06:48:48');
INSERT INTO `roles` (`video_id`, `person_id`, `role_type_id`, `created_at`) VALUES (56, 82, 4, '2020-10-04 16:43:29');
INSERT INTO `roles` (`video_id`, `person_id`, `role_type_id`, `created_at`) VALUES (57, 68, 2, '2020-11-20 13:52:31');
INSERT INTO `roles` (`video_id`, `person_id`, `role_type_id`, `created_at`) VALUES (58, 40, 4, '2015-02-22 15:29:47');
INSERT INTO `roles` (`video_id`, `person_id`, `role_type_id`, `created_at`) VALUES (58, 92, 1, '2017-05-12 03:43:58');
INSERT INTO `roles` (`video_id`, `person_id`, `role_type_id`, `created_at`) VALUES (59, 31, 2, '2018-05-01 08:08:27');
INSERT INTO `roles` (`video_id`, `person_id`, `role_type_id`, `created_at`) VALUES (59, 57, 1, '2011-08-27 19:39:14');
INSERT INTO `roles` (`video_id`, `person_id`, `role_type_id`, `created_at`) VALUES (59, 92, 2, '2018-01-02 12:16:12');
INSERT INTO `roles` (`video_id`, `person_id`, `role_type_id`, `created_at`) VALUES (60, 22, 4, '2015-08-18 02:14:51');
INSERT INTO `roles` (`video_id`, `person_id`, `role_type_id`, `created_at`) VALUES (60, 91, 4, '2019-04-14 09:41:39');
INSERT INTO `roles` (`video_id`, `person_id`, `role_type_id`, `created_at`) VALUES (61, 5, 3, '2016-10-01 02:00:45');
INSERT INTO `roles` (`video_id`, `person_id`, `role_type_id`, `created_at`) VALUES (61, 78, 1, '2014-04-27 02:02:07');
INSERT INTO `roles` (`video_id`, `person_id`, `role_type_id`, `created_at`) VALUES (61, 85, 3, '2013-02-14 04:56:12');
INSERT INTO `roles` (`video_id`, `person_id`, `role_type_id`, `created_at`) VALUES (62, 3, 1, '2013-02-09 08:05:56');
INSERT INTO `roles` (`video_id`, `person_id`, `role_type_id`, `created_at`) VALUES (62, 18, 1, '2018-04-26 00:29:27');
INSERT INTO `roles` (`video_id`, `person_id`, `role_type_id`, `created_at`) VALUES (62, 25, 4, '2017-04-07 17:16:18');
INSERT INTO `roles` (`video_id`, `person_id`, `role_type_id`, `created_at`) VALUES (62, 58, 4, '2016-08-11 04:31:34');
INSERT INTO `roles` (`video_id`, `person_id`, `role_type_id`, `created_at`) VALUES (62, 88, 1, '2018-12-31 03:17:18');
INSERT INTO `roles` (`video_id`, `person_id`, `role_type_id`, `created_at`) VALUES (63, 11, 4, '2016-11-20 01:27:02');
INSERT INTO `roles` (`video_id`, `person_id`, `role_type_id`, `created_at`) VALUES (63, 29, 1, '2020-07-12 20:26:08');
INSERT INTO `roles` (`video_id`, `person_id`, `role_type_id`, `created_at`) VALUES (63, 61, 2, '2011-10-27 17:49:35');
INSERT INTO `roles` (`video_id`, `person_id`, `role_type_id`, `created_at`) VALUES (63, 93, 1, '2020-09-23 08:46:52');
INSERT INTO `roles` (`video_id`, `person_id`, `role_type_id`, `created_at`) VALUES (64, 15, 3, '2011-09-30 19:44:26');
INSERT INTO `roles` (`video_id`, `person_id`, `role_type_id`, `created_at`) VALUES (64, 24, 3, '2017-01-17 06:02:53');
INSERT INTO `roles` (`video_id`, `person_id`, `role_type_id`, `created_at`) VALUES (64, 39, 1, '2014-10-27 02:01:24');
INSERT INTO `roles` (`video_id`, `person_id`, `role_type_id`, `created_at`) VALUES (64, 44, 3, '2016-05-30 17:13:10');
INSERT INTO `roles` (`video_id`, `person_id`, `role_type_id`, `created_at`) VALUES (64, 80, 4, '2014-09-28 01:45:46');
INSERT INTO `roles` (`video_id`, `person_id`, `role_type_id`, `created_at`) VALUES (65, 14, 3, '2018-04-24 04:37:06');
INSERT INTO `roles` (`video_id`, `person_id`, `role_type_id`, `created_at`) VALUES (65, 34, 1, '2011-09-14 07:23:36');
INSERT INTO `roles` (`video_id`, `person_id`, `role_type_id`, `created_at`) VALUES (65, 52, 1, '2011-06-06 17:41:25');
INSERT INTO `roles` (`video_id`, `person_id`, `role_type_id`, `created_at`) VALUES (66, 22, 3, '2011-06-28 10:33:37');
INSERT INTO `roles` (`video_id`, `person_id`, `role_type_id`, `created_at`) VALUES (66, 35, 1, '2020-05-10 08:40:46');
INSERT INTO `roles` (`video_id`, `person_id`, `role_type_id`, `created_at`) VALUES (66, 64, 4, '2014-03-18 16:52:29');
INSERT INTO `roles` (`video_id`, `person_id`, `role_type_id`, `created_at`) VALUES (67, 45, 1, '2014-07-29 00:04:13');
INSERT INTO `roles` (`video_id`, `person_id`, `role_type_id`, `created_at`) VALUES (68, 9, 2, '2014-10-11 22:05:47');
INSERT INTO `roles` (`video_id`, `person_id`, `role_type_id`, `created_at`) VALUES (68, 34, 3, '2018-02-02 02:45:10');
INSERT INTO `roles` (`video_id`, `person_id`, `role_type_id`, `created_at`) VALUES (68, 58, 2, '2017-04-09 02:44:24');
INSERT INTO `roles` (`video_id`, `person_id`, `role_type_id`, `created_at`) VALUES (68, 85, 3, '2017-11-04 03:51:45');
INSERT INTO `roles` (`video_id`, `person_id`, `role_type_id`, `created_at`) VALUES (69, 23, 3, '2020-11-16 13:40:37');
INSERT INTO `roles` (`video_id`, `person_id`, `role_type_id`, `created_at`) VALUES (69, 32, 2, '2013-01-25 11:56:40');
INSERT INTO `roles` (`video_id`, `person_id`, `role_type_id`, `created_at`) VALUES (69, 36, 4, '2021-04-03 00:12:57');
INSERT INTO `roles` (`video_id`, `person_id`, `role_type_id`, `created_at`) VALUES (69, 46, 1, '2017-06-02 05:56:10');
INSERT INTO `roles` (`video_id`, `person_id`, `role_type_id`, `created_at`) VALUES (69, 65, 2, '2020-12-17 17:26:05');
INSERT INTO `roles` (`video_id`, `person_id`, `role_type_id`, `created_at`) VALUES (70, 97, 2, '2020-01-11 08:00:59');
INSERT INTO `roles` (`video_id`, `person_id`, `role_type_id`, `created_at`) VALUES (70, 97, 4, '2019-12-13 07:00:02');
INSERT INTO `roles` (`video_id`, `person_id`, `role_type_id`, `created_at`) VALUES (70, 100, 2, '2013-11-02 11:51:37');
INSERT INTO `roles` (`video_id`, `person_id`, `role_type_id`, `created_at`) VALUES (71, 11, 1, '2012-11-28 20:30:30');
INSERT INTO `roles` (`video_id`, `person_id`, `role_type_id`, `created_at`) VALUES (71, 26, 1, '2011-05-29 11:00:20');
INSERT INTO `roles` (`video_id`, `person_id`, `role_type_id`, `created_at`) VALUES (71, 40, 2, '2016-09-26 22:23:32');
INSERT INTO `roles` (`video_id`, `person_id`, `role_type_id`, `created_at`) VALUES (72, 78, 4, '2017-02-07 03:06:44');
INSERT INTO `roles` (`video_id`, `person_id`, `role_type_id`, `created_at`) VALUES (72, 81, 2, '2017-11-16 18:39:58');
INSERT INTO `roles` (`video_id`, `person_id`, `role_type_id`, `created_at`) VALUES (73, 2, 3, '2015-05-07 18:14:25');
INSERT INTO `roles` (`video_id`, `person_id`, `role_type_id`, `created_at`) VALUES (73, 16, 1, '2014-09-17 04:42:45');
INSERT INTO `roles` (`video_id`, `person_id`, `role_type_id`, `created_at`) VALUES (73, 56, 1, '2019-12-27 03:49:12');
INSERT INTO `roles` (`video_id`, `person_id`, `role_type_id`, `created_at`) VALUES (74, 24, 1, '2013-05-06 11:53:39');
INSERT INTO `roles` (`video_id`, `person_id`, `role_type_id`, `created_at`) VALUES (74, 38, 3, '2012-04-12 00:41:38');
INSERT INTO `roles` (`video_id`, `person_id`, `role_type_id`, `created_at`) VALUES (74, 75, 2, '2012-04-10 15:10:38');
INSERT INTO `roles` (`video_id`, `person_id`, `role_type_id`, `created_at`) VALUES (75, 15, 4, '2011-06-16 16:53:29');
INSERT INTO `roles` (`video_id`, `person_id`, `role_type_id`, `created_at`) VALUES (75, 26, 2, '2018-10-17 21:52:27');
INSERT INTO `roles` (`video_id`, `person_id`, `role_type_id`, `created_at`) VALUES (75, 27, 3, '2018-08-27 05:10:23');
INSERT INTO `roles` (`video_id`, `person_id`, `role_type_id`, `created_at`) VALUES (75, 49, 1, '2011-09-27 13:18:44');
INSERT INTO `roles` (`video_id`, `person_id`, `role_type_id`, `created_at`) VALUES (75, 81, 2, '2017-02-27 17:58:38');
INSERT INTO `roles` (`video_id`, `person_id`, `role_type_id`, `created_at`) VALUES (75, 90, 4, '2012-08-17 09:22:58');
INSERT INTO `roles` (`video_id`, `person_id`, `role_type_id`, `created_at`) VALUES (75, 94, 3, '2012-12-11 00:54:11');
INSERT INTO `roles` (`video_id`, `person_id`, `role_type_id`, `created_at`) VALUES (75, 98, 4, '2020-03-18 08:53:39');
INSERT INTO `roles` (`video_id`, `person_id`, `role_type_id`, `created_at`) VALUES (76, 15, 4, '2019-12-08 05:58:26');
INSERT INTO `roles` (`video_id`, `person_id`, `role_type_id`, `created_at`) VALUES (76, 46, 4, '2015-05-07 06:38:01');
INSERT INTO `roles` (`video_id`, `person_id`, `role_type_id`, `created_at`) VALUES (76, 48, 4, '2015-09-29 08:37:44');
INSERT INTO `roles` (`video_id`, `person_id`, `role_type_id`, `created_at`) VALUES (76, 49, 1, '2021-02-21 05:01:28');
INSERT INTO `roles` (`video_id`, `person_id`, `role_type_id`, `created_at`) VALUES (76, 78, 2, '2013-11-02 19:39:15');
INSERT INTO `roles` (`video_id`, `person_id`, `role_type_id`, `created_at`) VALUES (76, 96, 1, '2018-11-04 06:59:46');
INSERT INTO `roles` (`video_id`, `person_id`, `role_type_id`, `created_at`) VALUES (77, 10, 2, '2013-03-06 12:11:37');
INSERT INTO `roles` (`video_id`, `person_id`, `role_type_id`, `created_at`) VALUES (77, 26, 3, '2018-08-23 20:22:14');
INSERT INTO `roles` (`video_id`, `person_id`, `role_type_id`, `created_at`) VALUES (77, 54, 3, '2020-05-26 01:22:07');
INSERT INTO `roles` (`video_id`, `person_id`, `role_type_id`, `created_at`) VALUES (77, 63, 2, '2012-09-11 13:37:04');
INSERT INTO `roles` (`video_id`, `person_id`, `role_type_id`, `created_at`) VALUES (77, 80, 4, '2013-12-24 13:18:01');
INSERT INTO `roles` (`video_id`, `person_id`, `role_type_id`, `created_at`) VALUES (78, 26, 1, '2019-03-21 01:27:37');
INSERT INTO `roles` (`video_id`, `person_id`, `role_type_id`, `created_at`) VALUES (78, 60, 2, '2014-07-08 17:25:48');
INSERT INTO `roles` (`video_id`, `person_id`, `role_type_id`, `created_at`) VALUES (79, 26, 4, '2020-05-24 00:24:37');
INSERT INTO `roles` (`video_id`, `person_id`, `role_type_id`, `created_at`) VALUES (79, 34, 1, '2015-03-12 05:46:48');
INSERT INTO `roles` (`video_id`, `person_id`, `role_type_id`, `created_at`) VALUES (79, 42, 4, '2017-08-22 18:37:10');
INSERT INTO `roles` (`video_id`, `person_id`, `role_type_id`, `created_at`) VALUES (79, 72, 4, '2012-11-17 06:56:21');
INSERT INTO `roles` (`video_id`, `person_id`, `role_type_id`, `created_at`) VALUES (79, 74, 2, '2016-06-24 00:50:59');
INSERT INTO `roles` (`video_id`, `person_id`, `role_type_id`, `created_at`) VALUES (79, 79, 3, '2012-01-03 08:49:48');
INSERT INTO `roles` (`video_id`, `person_id`, `role_type_id`, `created_at`) VALUES (79, 100, 4, '2015-08-31 02:17:59');
INSERT INTO `roles` (`video_id`, `person_id`, `role_type_id`, `created_at`) VALUES (80, 1, 3, '2011-04-29 18:26:33');
INSERT INTO `roles` (`video_id`, `person_id`, `role_type_id`, `created_at`) VALUES (80, 20, 2, '2020-12-08 10:07:35');
INSERT INTO `roles` (`video_id`, `person_id`, `role_type_id`, `created_at`) VALUES (80, 35, 4, '2018-07-31 15:31:29');
INSERT INTO `roles` (`video_id`, `person_id`, `role_type_id`, `created_at`) VALUES (80, 37, 1, '2013-01-03 17:07:58');
INSERT INTO `roles` (`video_id`, `person_id`, `role_type_id`, `created_at`) VALUES (80, 63, 1, '2019-01-11 09:38:35');
INSERT INTO `roles` (`video_id`, `person_id`, `role_type_id`, `created_at`) VALUES (80, 64, 2, '2019-12-09 10:12:19');
INSERT INTO `roles` (`video_id`, `person_id`, `role_type_id`, `created_at`) VALUES (80, 65, 3, '2018-03-06 09:39:42');
INSERT INTO `roles` (`video_id`, `person_id`, `role_type_id`, `created_at`) VALUES (80, 90, 3, '2013-01-18 23:27:04');
INSERT INTO `roles` (`video_id`, `person_id`, `role_type_id`, `created_at`) VALUES (80, 92, 2, '2020-01-23 01:26:59');
INSERT INTO `roles` (`video_id`, `person_id`, `role_type_id`, `created_at`) VALUES (81, 76, 2, '2013-04-01 16:56:14');
INSERT INTO `roles` (`video_id`, `person_id`, `role_type_id`, `created_at`) VALUES (81, 77, 4, '2013-04-02 10:42:39');
INSERT INTO `roles` (`video_id`, `person_id`, `role_type_id`, `created_at`) VALUES (81, 81, 3, '2012-06-07 15:39:57');
INSERT INTO `roles` (`video_id`, `person_id`, `role_type_id`, `created_at`) VALUES (81, 88, 4, '2015-02-18 21:30:17');
INSERT INTO `roles` (`video_id`, `person_id`, `role_type_id`, `created_at`) VALUES (82, 43, 1, '2013-01-13 16:40:50');
INSERT INTO `roles` (`video_id`, `person_id`, `role_type_id`, `created_at`) VALUES (82, 44, 4, '2017-02-24 02:22:56');
INSERT INTO `roles` (`video_id`, `person_id`, `role_type_id`, `created_at`) VALUES (82, 53, 1, '2013-05-17 22:08:01');
INSERT INTO `roles` (`video_id`, `person_id`, `role_type_id`, `created_at`) VALUES (83, 8, 3, '2019-01-02 14:41:10');
INSERT INTO `roles` (`video_id`, `person_id`, `role_type_id`, `created_at`) VALUES (83, 31, 4, '2018-09-20 23:16:46');
INSERT INTO `roles` (`video_id`, `person_id`, `role_type_id`, `created_at`) VALUES (83, 49, 3, '2013-05-08 20:57:08');
INSERT INTO `roles` (`video_id`, `person_id`, `role_type_id`, `created_at`) VALUES (83, 69, 3, '2013-08-18 18:10:29');
INSERT INTO `roles` (`video_id`, `person_id`, `role_type_id`, `created_at`) VALUES (83, 79, 4, '2015-08-13 12:02:10');
INSERT INTO `roles` (`video_id`, `person_id`, `role_type_id`, `created_at`) VALUES (83, 87, 1, '2018-03-09 13:29:42');
INSERT INTO `roles` (`video_id`, `person_id`, `role_type_id`, `created_at`) VALUES (84, 4, 3, '2019-12-14 12:22:54');
INSERT INTO `roles` (`video_id`, `person_id`, `role_type_id`, `created_at`) VALUES (84, 6, 1, '2020-06-19 17:35:42');
INSERT INTO `roles` (`video_id`, `person_id`, `role_type_id`, `created_at`) VALUES (84, 21, 2, '2015-01-15 20:31:52');
INSERT INTO `roles` (`video_id`, `person_id`, `role_type_id`, `created_at`) VALUES (84, 52, 4, '2012-03-16 11:31:29');
INSERT INTO `roles` (`video_id`, `person_id`, `role_type_id`, `created_at`) VALUES (84, 79, 3, '2018-07-16 23:36:26');
INSERT INTO `roles` (`video_id`, `person_id`, `role_type_id`, `created_at`) VALUES (85, 12, 3, '2012-08-29 02:35:20');
INSERT INTO `roles` (`video_id`, `person_id`, `role_type_id`, `created_at`) VALUES (85, 12, 4, '2020-12-29 10:55:06');
INSERT INTO `roles` (`video_id`, `person_id`, `role_type_id`, `created_at`) VALUES (85, 13, 2, '2011-10-13 01:58:57');
INSERT INTO `roles` (`video_id`, `person_id`, `role_type_id`, `created_at`) VALUES (85, 20, 4, '2014-05-14 10:00:04');
INSERT INTO `roles` (`video_id`, `person_id`, `role_type_id`, `created_at`) VALUES (85, 48, 2, '2012-08-05 20:31:51');
INSERT INTO `roles` (`video_id`, `person_id`, `role_type_id`, `created_at`) VALUES (86, 42, 3, '2013-11-06 00:15:20');
INSERT INTO `roles` (`video_id`, `person_id`, `role_type_id`, `created_at`) VALUES (86, 57, 1, '2017-01-04 09:45:23');
INSERT INTO `roles` (`video_id`, `person_id`, `role_type_id`, `created_at`) VALUES (86, 63, 4, '2017-03-02 04:21:07');
INSERT INTO `roles` (`video_id`, `person_id`, `role_type_id`, `created_at`) VALUES (87, 52, 2, '2015-03-11 17:06:07');
INSERT INTO `roles` (`video_id`, `person_id`, `role_type_id`, `created_at`) VALUES (87, 64, 2, '2017-08-24 03:22:32');
INSERT INTO `roles` (`video_id`, `person_id`, `role_type_id`, `created_at`) VALUES (87, 85, 1, '2019-08-06 17:58:14');
INSERT INTO `roles` (`video_id`, `person_id`, `role_type_id`, `created_at`) VALUES (87, 86, 1, '2015-09-08 00:40:24');
INSERT INTO `roles` (`video_id`, `person_id`, `role_type_id`, `created_at`) VALUES (87, 94, 2, '2018-01-21 10:25:03');
INSERT INTO `roles` (`video_id`, `person_id`, `role_type_id`, `created_at`) VALUES (88, 6, 4, '2020-01-13 21:43:19');
INSERT INTO `roles` (`video_id`, `person_id`, `role_type_id`, `created_at`) VALUES (88, 28, 3, '2015-09-26 03:54:41');
INSERT INTO `roles` (`video_id`, `person_id`, `role_type_id`, `created_at`) VALUES (88, 54, 1, '2019-06-13 21:05:29');
INSERT INTO `roles` (`video_id`, `person_id`, `role_type_id`, `created_at`) VALUES (89, 19, 2, '2020-05-19 14:48:01');
INSERT INTO `roles` (`video_id`, `person_id`, `role_type_id`, `created_at`) VALUES (89, 36, 4, '2016-12-07 04:45:05');
INSERT INTO `roles` (`video_id`, `person_id`, `role_type_id`, `created_at`) VALUES (89, 41, 3, '2013-06-27 13:42:44');
INSERT INTO `roles` (`video_id`, `person_id`, `role_type_id`, `created_at`) VALUES (89, 69, 2, '2015-03-27 12:36:02');
INSERT INTO `roles` (`video_id`, `person_id`, `role_type_id`, `created_at`) VALUES (89, 77, 3, '2015-04-09 22:10:55');
INSERT INTO `roles` (`video_id`, `person_id`, `role_type_id`, `created_at`) VALUES (90, 1, 2, '2013-05-16 12:15:43');
INSERT INTO `roles` (`video_id`, `person_id`, `role_type_id`, `created_at`) VALUES (90, 6, 2, '2017-01-08 19:19:51');
INSERT INTO `roles` (`video_id`, `person_id`, `role_type_id`, `created_at`) VALUES (90, 21, 2, '2013-03-11 18:23:44');
INSERT INTO `roles` (`video_id`, `person_id`, `role_type_id`, `created_at`) VALUES (90, 42, 4, '2012-11-05 23:11:07');
INSERT INTO `roles` (`video_id`, `person_id`, `role_type_id`, `created_at`) VALUES (90, 65, 2, '2016-04-09 18:27:51');
INSERT INTO `roles` (`video_id`, `person_id`, `role_type_id`, `created_at`) VALUES (90, 77, 3, '2015-04-04 08:40:03');
INSERT INTO `roles` (`video_id`, `person_id`, `role_type_id`, `created_at`) VALUES (91, 35, 2, '2016-09-19 08:24:12');
INSERT INTO `roles` (`video_id`, `person_id`, `role_type_id`, `created_at`) VALUES (92, 18, 4, '2019-11-08 11:24:17');
INSERT INTO `roles` (`video_id`, `person_id`, `role_type_id`, `created_at`) VALUES (92, 20, 3, '2011-09-15 09:50:53');
INSERT INTO `roles` (`video_id`, `person_id`, `role_type_id`, `created_at`) VALUES (92, 33, 3, '2014-11-07 03:28:57');
INSERT INTO `roles` (`video_id`, `person_id`, `role_type_id`, `created_at`) VALUES (92, 40, 3, '2020-09-08 07:31:15');
INSERT INTO `roles` (`video_id`, `person_id`, `role_type_id`, `created_at`) VALUES (93, 3, 1, '2019-12-30 10:20:00');
INSERT INTO `roles` (`video_id`, `person_id`, `role_type_id`, `created_at`) VALUES (93, 11, 1, '2011-12-20 19:54:34');
INSERT INTO `roles` (`video_id`, `person_id`, `role_type_id`, `created_at`) VALUES (93, 17, 1, '2013-04-09 22:43:31');
INSERT INTO `roles` (`video_id`, `person_id`, `role_type_id`, `created_at`) VALUES (93, 60, 1, '2017-09-03 00:37:57');
INSERT INTO `roles` (`video_id`, `person_id`, `role_type_id`, `created_at`) VALUES (93, 87, 1, '2018-03-14 15:39:20');
INSERT INTO `roles` (`video_id`, `person_id`, `role_type_id`, `created_at`) VALUES (94, 5, 2, '2020-07-04 03:56:04');
INSERT INTO `roles` (`video_id`, `person_id`, `role_type_id`, `created_at`) VALUES (94, 35, 3, '2013-01-15 16:57:55');
INSERT INTO `roles` (`video_id`, `person_id`, `role_type_id`, `created_at`) VALUES (94, 57, 2, '2018-02-21 18:23:45');
INSERT INTO `roles` (`video_id`, `person_id`, `role_type_id`, `created_at`) VALUES (95, 1, 3, '2011-06-23 23:41:53');
INSERT INTO `roles` (`video_id`, `person_id`, `role_type_id`, `created_at`) VALUES (95, 10, 3, '2017-11-09 07:30:21');
INSERT INTO `roles` (`video_id`, `person_id`, `role_type_id`, `created_at`) VALUES (95, 12, 4, '2014-06-24 00:08:49');
INSERT INTO `roles` (`video_id`, `person_id`, `role_type_id`, `created_at`) VALUES (95, 77, 2, '2016-01-03 03:17:29');
INSERT INTO `roles` (`video_id`, `person_id`, `role_type_id`, `created_at`) VALUES (96, 14, 4, '2021-01-18 15:54:17');
INSERT INTO `roles` (`video_id`, `person_id`, `role_type_id`, `created_at`) VALUES (96, 18, 2, '2019-06-23 19:10:44');
INSERT INTO `roles` (`video_id`, `person_id`, `role_type_id`, `created_at`) VALUES (96, 70, 4, '2017-11-19 11:04:54');
INSERT INTO `roles` (`video_id`, `person_id`, `role_type_id`, `created_at`) VALUES (96, 88, 1, '2014-08-12 22:26:02');
INSERT INTO `roles` (`video_id`, `person_id`, `role_type_id`, `created_at`) VALUES (97, 7, 2, '2017-10-18 00:25:37');
INSERT INTO `roles` (`video_id`, `person_id`, `role_type_id`, `created_at`) VALUES (97, 22, 4, '2016-12-19 06:40:25');
INSERT INTO `roles` (`video_id`, `person_id`, `role_type_id`, `created_at`) VALUES (97, 32, 1, '2017-01-12 22:31:40');
INSERT INTO `roles` (`video_id`, `person_id`, `role_type_id`, `created_at`) VALUES (97, 34, 1, '2017-06-27 13:25:22');
INSERT INTO `roles` (`video_id`, `person_id`, `role_type_id`, `created_at`) VALUES (97, 40, 4, '2019-06-03 22:46:51');
INSERT INTO `roles` (`video_id`, `person_id`, `role_type_id`, `created_at`) VALUES (97, 73, 4, '2014-01-18 02:01:33');
INSERT INTO `roles` (`video_id`, `person_id`, `role_type_id`, `created_at`) VALUES (97, 82, 1, '2020-12-02 17:19:13');
INSERT INTO `roles` (`video_id`, `person_id`, `role_type_id`, `created_at`) VALUES (97, 83, 3, '2017-11-08 04:57:33');
INSERT INTO `roles` (`video_id`, `person_id`, `role_type_id`, `created_at`) VALUES (97, 98, 1, '2015-07-15 05:26:12');
INSERT INTO `roles` (`video_id`, `person_id`, `role_type_id`, `created_at`) VALUES (98, 53, 2, '2020-11-18 20:21:59');
INSERT INTO `roles` (`video_id`, `person_id`, `role_type_id`, `created_at`) VALUES (98, 55, 1, '2014-06-10 21:15:54');
INSERT INTO `roles` (`video_id`, `person_id`, `role_type_id`, `created_at`) VALUES (98, 63, 3, '2012-10-29 21:05:29');
INSERT INTO `roles` (`video_id`, `person_id`, `role_type_id`, `created_at`) VALUES (99, 8, 4, '2017-11-09 14:52:22');
INSERT INTO `roles` (`video_id`, `person_id`, `role_type_id`, `created_at`) VALUES (99, 28, 1, '2014-05-11 03:26:52');
INSERT INTO `roles` (`video_id`, `person_id`, `role_type_id`, `created_at`) VALUES (99, 37, 1, '2018-06-18 16:11:31');
INSERT INTO `roles` (`video_id`, `person_id`, `role_type_id`, `created_at`) VALUES (100, 60, 4, '2017-06-08 06:41:55');
INSERT INTO `roles` (`video_id`, `person_id`, `role_type_id`, `created_at`) VALUES (100, 66, 1, '2012-04-26 21:37:41');
INSERT INTO `roles` (`video_id`, `person_id`, `role_type_id`, `created_at`) VALUES (100, 77, 2, '2013-06-30 13:32:41');
INSERT INTO `roles` (`video_id`, `person_id`, `role_type_id`, `created_at`) VALUES (100, 79, 4, '2012-10-16 16:20:17');


#
# TABLE STRUCTURE FOR: roles_type
#

DROP TABLE IF EXISTS `roles_type`;

CREATE TABLE `roles_type` (
  `id` int(10) unsigned NOT NULL AUTO_INCREMENT,
  `name` varchar(255) COLLATE utf8mb4_unicode_ci NOT NULL,
  `created_at` datetime DEFAULT current_timestamp(),
  PRIMARY KEY (`id`),
  UNIQUE KEY `name` (`name`)
) ENGINE=InnoDB AUTO_INCREMENT=5 DEFAULT CHARSET=utf8mb4 COLLATE=utf8mb4_unicode_ci;

INSERT INTO `roles_type` (`id`, `name`, `created_at`) VALUES (1, 'director', '2021-04-29 10:55:03');
INSERT INTO `roles_type` (`id`, `name`, `created_at`) VALUES (2, 'actor', '2021-04-29 10:55:03');
INSERT INTO `roles_type` (`id`, `name`, `created_at`) VALUES (3, 'screenwriter', '2021-04-29 10:55:03');
INSERT INTO `roles_type` (`id`, `name`, `created_at`) VALUES (4, 'operator', '2021-04-29 10:55:03');


#
# TABLE STRUCTURE FOR: users
#

DROP TABLE IF EXISTS `users`;

CREATE TABLE `users` (
  `id` int(10) unsigned NOT NULL AUTO_INCREMENT,
  `nickname` varchar(100) COLLATE utf8mb4_unicode_ci NOT NULL,
  `email` varchar(100) COLLATE utf8mb4_unicode_ci NOT NULL,
  `created_at` datetime DEFAULT current_timestamp(),
  `updated_at` datetime DEFAULT current_timestamp() ON UPDATE current_timestamp(),
  PRIMARY KEY (`id`),
  UNIQUE KEY `nickname` (`nickname`),
  UNIQUE KEY `email` (`email`)
) ENGINE=InnoDB AUTO_INCREMENT=201 DEFAULT CHARSET=utf8mb4 COLLATE=utf8mb4_unicode_ci;

INSERT INTO `users` (`id`, `nickname`, `email`, `created_at`, `updated_at`) VALUES (1, 'Commodi.', 'pfannerstill.berniece@example.com', '2012-08-26 21:28:34', '2018-01-01 01:41:16');
INSERT INTO `users` (`id`, `nickname`, `email`, `created_at`, `updated_at`) VALUES (2, 'Repellendus.', 'mhirthe@example.net', '2011-06-16 08:41:36', '2014-07-07 09:08:51');
INSERT INTO `users` (`id`, `nickname`, `email`, `created_at`, `updated_at`) VALUES (3, 'Ullam iste ut.', 'nelle46@example.net', '2016-09-19 07:37:41', '2011-09-21 11:02:41');
INSERT INTO `users` (`id`, `nickname`, `email`, `created_at`, `updated_at`) VALUES (4, 'Ut aperiam.', 'brando.olson@example.net', '2021-03-04 17:57:53', '2014-04-21 21:51:41');
INSERT INTO `users` (`id`, `nickname`, `email`, `created_at`, `updated_at`) VALUES (5, 'Voluptates.', 'reffertz@example.com', '2012-02-29 09:06:23', '2015-07-04 23:14:11');
INSERT INTO `users` (`id`, `nickname`, `email`, `created_at`, `updated_at`) VALUES (6, 'Iusto enim.', 'buck05@example.net', '2018-01-31 02:39:05', '2016-04-16 10:09:22');
INSERT INTO `users` (`id`, `nickname`, `email`, `created_at`, `updated_at`) VALUES (7, 'Deleniti id.', 'mcglynn.easton@example.net', '2017-10-24 19:21:25', '2012-03-21 05:32:52');
INSERT INTO `users` (`id`, `nickname`, `email`, `created_at`, `updated_at`) VALUES (8, 'Qui nesciunt.', 'nikolaus.frank@example.net', '2012-09-23 16:12:09', '2019-04-01 21:15:23');
INSERT INTO `users` (`id`, `nickname`, `email`, `created_at`, `updated_at`) VALUES (9, 'Provident qui.', 'jacey14@example.org', '2017-04-25 05:36:16', '2011-05-13 11:08:22');
INSERT INTO `users` (`id`, `nickname`, `email`, `created_at`, `updated_at`) VALUES (10, 'Velit quasi.', 'rau.dimitri@example.org', '2011-08-27 17:02:21', '2017-06-10 04:44:31');
INSERT INTO `users` (`id`, `nickname`, `email`, `created_at`, `updated_at`) VALUES (11, 'Officia magni.', 'marlee.hauck@example.org', '2014-07-31 17:10:10', '2012-02-19 19:16:14');
INSERT INTO `users` (`id`, `nickname`, `email`, `created_at`, `updated_at`) VALUES (12, 'Non eveniet.', 'minnie.emmerich@example.com', '2014-05-07 23:45:07', '2017-04-22 08:26:50');
INSERT INTO `users` (`id`, `nickname`, `email`, `created_at`, `updated_at`) VALUES (13, 'Alias culpa.', 'dortha60@example.org', '2011-08-12 20:11:33', '2015-06-08 21:13:52');
INSERT INTO `users` (`id`, `nickname`, `email`, `created_at`, `updated_at`) VALUES (14, 'Fugiat vel et.', 'dlockman@example.com', '2017-08-16 07:39:20', '2013-01-03 15:43:06');
INSERT INTO `users` (`id`, `nickname`, `email`, `created_at`, `updated_at`) VALUES (15, 'Quo sunt est.', 'grant.phyllis@example.com', '2019-06-08 20:52:41', '2013-05-08 04:52:02');
INSERT INTO `users` (`id`, `nickname`, `email`, `created_at`, `updated_at`) VALUES (16, 'Delectus non.', 'mia.deckow@example.net', '2011-08-04 06:03:35', '2012-04-05 20:04:24');
INSERT INTO `users` (`id`, `nickname`, `email`, `created_at`, `updated_at`) VALUES (17, 'Id vero et.', 'kacie.cruickshank@example.net', '2020-12-03 01:14:30', '2012-12-13 07:45:55');
INSERT INTO `users` (`id`, `nickname`, `email`, `created_at`, `updated_at`) VALUES (18, 'Ea veniam.', 'raymond49@example.com', '2020-05-22 16:53:57', '2012-03-26 20:09:02');
INSERT INTO `users` (`id`, `nickname`, `email`, `created_at`, `updated_at`) VALUES (19, 'Aut est.', 'pcummings@example.com', '2014-05-26 16:02:06', '2018-09-05 01:53:38');
INSERT INTO `users` (`id`, `nickname`, `email`, `created_at`, `updated_at`) VALUES (20, 'Distinctio.', 'konopelski.jany@example.org', '2020-03-24 03:13:57', '2020-06-10 21:17:11');
INSERT INTO `users` (`id`, `nickname`, `email`, `created_at`, `updated_at`) VALUES (21, 'Qui corporis.', 'sawayn.cassidy@example.org', '2015-06-16 00:55:19', '2020-06-23 05:12:18');
INSERT INTO `users` (`id`, `nickname`, `email`, `created_at`, `updated_at`) VALUES (22, 'Minus maxime.', 'ppowlowski@example.org', '2016-05-11 12:57:59', '2020-06-02 08:45:09');
INSERT INTO `users` (`id`, `nickname`, `email`, `created_at`, `updated_at`) VALUES (23, 'Fugiat.', 'alvena.kirlin@example.net', '2012-06-02 10:07:31', '2013-09-20 22:29:05');
INSERT INTO `users` (`id`, `nickname`, `email`, `created_at`, `updated_at`) VALUES (24, 'Repudiandae.', 'jonathon.runolfsson@example.net', '2019-03-20 21:01:53', '2020-04-01 08:15:39');
INSERT INTO `users` (`id`, `nickname`, `email`, `created_at`, `updated_at`) VALUES (25, 'Fugit saepe.', 'gwest@example.com', '2016-06-14 19:13:05', '2015-06-07 12:56:22');
INSERT INTO `users` (`id`, `nickname`, `email`, `created_at`, `updated_at`) VALUES (26, 'Qui velit.', 'douglas27@example.org', '2017-02-23 02:43:31', '2020-04-30 20:01:44');
INSERT INTO `users` (`id`, `nickname`, `email`, `created_at`, `updated_at`) VALUES (27, 'Qui quia qui.', 'delia.bahringer@example.com', '2015-02-23 06:52:45', '2015-07-29 08:24:25');
INSERT INTO `users` (`id`, `nickname`, `email`, `created_at`, `updated_at`) VALUES (28, 'Et eum illo et.', 'autumn66@example.org', '2013-12-24 07:54:42', '2017-12-03 17:05:24');
INSERT INTO `users` (`id`, `nickname`, `email`, `created_at`, `updated_at`) VALUES (29, 'Soluta id.', 'grady.angus@example.org', '2012-10-17 06:59:18', '2013-03-19 20:15:40');
INSERT INTO `users` (`id`, `nickname`, `email`, `created_at`, `updated_at`) VALUES (30, 'Rem aut.', 'cstehr@example.com', '2015-03-13 09:40:42', '2021-01-12 08:22:14');
INSERT INTO `users` (`id`, `nickname`, `email`, `created_at`, `updated_at`) VALUES (31, 'Officiis.', 'jodie28@example.org', '2019-06-14 11:02:29', '2013-04-03 01:59:19');
INSERT INTO `users` (`id`, `nickname`, `email`, `created_at`, `updated_at`) VALUES (32, 'Qui molestiae.', 'schmitt.cydney@example.org', '2012-03-26 22:51:45', '2019-11-06 01:52:16');
INSERT INTO `users` (`id`, `nickname`, `email`, `created_at`, `updated_at`) VALUES (33, 'Eos et.', 'brionna.pfeffer@example.com', '2012-03-06 00:33:17', '2014-07-01 11:28:39');
INSERT INTO `users` (`id`, `nickname`, `email`, `created_at`, `updated_at`) VALUES (34, 'Quae fugiat.', 'nmurazik@example.net', '2015-10-25 23:56:08', '2016-11-02 08:45:14');
INSERT INTO `users` (`id`, `nickname`, `email`, `created_at`, `updated_at`) VALUES (35, 'At recusandae.', 'sconroy@example.net', '2020-09-27 09:28:05', '2016-02-16 09:57:56');
INSERT INTO `users` (`id`, `nickname`, `email`, `created_at`, `updated_at`) VALUES (36, 'Consectetur.', 'homenick.emmy@example.com', '2014-07-08 23:26:03', '2018-08-29 19:56:00');
INSERT INTO `users` (`id`, `nickname`, `email`, `created_at`, `updated_at`) VALUES (37, 'Nemo.', 'phoebe.pfannerstill@example.net', '2017-12-29 09:58:09', '2011-11-20 02:12:09');
INSERT INTO `users` (`id`, `nickname`, `email`, `created_at`, `updated_at`) VALUES (38, 'Accusantium.', 'nash56@example.com', '2020-05-09 23:03:58', '2011-08-04 12:42:22');
INSERT INTO `users` (`id`, `nickname`, `email`, `created_at`, `updated_at`) VALUES (39, 'Aperiam autem.', 'gflatley@example.org', '2012-01-21 19:55:42', '2015-12-19 05:12:44');
INSERT INTO `users` (`id`, `nickname`, `email`, `created_at`, `updated_at`) VALUES (40, 'A mollitia.', 'kozey.carolanne@example.com', '2019-06-27 02:37:43', '2014-02-15 20:25:23');
INSERT INTO `users` (`id`, `nickname`, `email`, `created_at`, `updated_at`) VALUES (41, 'Iure fugiat.', 'nader.marjory@example.com', '2019-09-07 10:39:11', '2017-07-21 17:47:19');
INSERT INTO `users` (`id`, `nickname`, `email`, `created_at`, `updated_at`) VALUES (42, 'Suscipit.', 'rey.reichert@example.com', '2019-02-04 03:32:16', '2017-10-21 16:26:06');
INSERT INTO `users` (`id`, `nickname`, `email`, `created_at`, `updated_at`) VALUES (43, 'Ad maiores ex.', 'kade.leuschke@example.net', '2014-02-06 07:33:52', '2015-07-30 22:14:56');
INSERT INTO `users` (`id`, `nickname`, `email`, `created_at`, `updated_at`) VALUES (44, 'Enim voluptas.', 'kuhlman.ransom@example.org', '2020-11-28 04:53:46', '2019-03-16 23:59:09');
INSERT INTO `users` (`id`, `nickname`, `email`, `created_at`, `updated_at`) VALUES (45, 'Minus quis.', 'david27@example.net', '2021-02-02 03:14:29', '2015-03-30 01:45:59');
INSERT INTO `users` (`id`, `nickname`, `email`, `created_at`, `updated_at`) VALUES (46, 'Incidunt et.', 'chance.romaguera@example.com', '2015-02-21 20:25:25', '2020-04-02 14:50:27');
INSERT INTO `users` (`id`, `nickname`, `email`, `created_at`, `updated_at`) VALUES (47, 'Adipisci sunt.', 'skye.maggio@example.org', '2020-02-10 00:35:40', '2017-11-06 12:26:00');
INSERT INTO `users` (`id`, `nickname`, `email`, `created_at`, `updated_at`) VALUES (48, 'Voluptatem.', 'freda.bahringer@example.org', '2017-05-16 11:13:49', '2014-11-20 05:24:55');
INSERT INTO `users` (`id`, `nickname`, `email`, `created_at`, `updated_at`) VALUES (49, 'Saepe unde.', 'elouise32@example.com', '2014-10-07 19:47:20', '2014-08-26 19:50:35');
INSERT INTO `users` (`id`, `nickname`, `email`, `created_at`, `updated_at`) VALUES (50, 'Maiores ut.', 'kiehn.raquel@example.net', '2016-05-06 05:27:35', '2013-02-05 11:43:24');
INSERT INTO `users` (`id`, `nickname`, `email`, `created_at`, `updated_at`) VALUES (51, 'Perspiciatis.', 'gorczany.orpha@example.net', '2017-09-01 18:34:53', '2014-05-13 12:24:01');
INSERT INTO `users` (`id`, `nickname`, `email`, `created_at`, `updated_at`) VALUES (52, 'Ad placeat sed.', 'aullrich@example.net', '2016-03-23 18:18:27', '2017-05-27 08:37:16');
INSERT INTO `users` (`id`, `nickname`, `email`, `created_at`, `updated_at`) VALUES (53, 'Dolorem et.', 'chaim.conn@example.com', '2015-07-31 20:33:21', '2012-03-07 21:23:55');
INSERT INTO `users` (`id`, `nickname`, `email`, `created_at`, `updated_at`) VALUES (54, 'Similique.', 'reinger.delmer@example.net', '2015-06-07 20:01:01', '2015-03-29 18:32:30');
INSERT INTO `users` (`id`, `nickname`, `email`, `created_at`, `updated_at`) VALUES (55, 'Nihil cum.', 'maya.jones@example.com', '2016-01-22 09:58:07', '2014-02-23 17:42:03');
INSERT INTO `users` (`id`, `nickname`, `email`, `created_at`, `updated_at`) VALUES (56, 'Molestias quae.', 'arvid95@example.net', '2017-03-10 07:24:32', '2011-10-26 15:53:01');
INSERT INTO `users` (`id`, `nickname`, `email`, `created_at`, `updated_at`) VALUES (57, 'Nam aut sint.', 'zieme.thomas@example.org', '2013-01-13 04:48:53', '2018-01-03 18:57:41');
INSERT INTO `users` (`id`, `nickname`, `email`, `created_at`, `updated_at`) VALUES (58, 'Eius quia.', 'theo.simonis@example.org', '2019-08-31 16:51:21', '2018-06-24 18:35:49');
INSERT INTO `users` (`id`, `nickname`, `email`, `created_at`, `updated_at`) VALUES (59, 'Consequatur.', 'wisoky.timmy@example.org', '2012-11-09 10:59:58', '2016-04-06 00:00:17');
INSERT INTO `users` (`id`, `nickname`, `email`, `created_at`, `updated_at`) VALUES (60, 'Non dolore.', 'balistreri.frederik@example.com', '2014-06-25 14:07:48', '2020-03-30 23:10:15');
INSERT INTO `users` (`id`, `nickname`, `email`, `created_at`, `updated_at`) VALUES (61, 'Recusandae.', 'geoffrey.watsica@example.org', '2016-08-19 14:45:18', '2016-06-08 07:44:55');
INSERT INTO `users` (`id`, `nickname`, `email`, `created_at`, `updated_at`) VALUES (62, 'Autem eum est.', 'lessie06@example.org', '2019-06-06 20:55:37', '2013-09-21 00:11:48');
INSERT INTO `users` (`id`, `nickname`, `email`, `created_at`, `updated_at`) VALUES (63, 'Ut commodi.', 'harvey.baby@example.com', '2016-09-13 02:52:47', '2012-04-29 11:01:38');
INSERT INTO `users` (`id`, `nickname`, `email`, `created_at`, `updated_at`) VALUES (64, 'Illum error.', 'ykautzer@example.com', '2016-09-29 21:12:17', '2015-01-14 16:22:24');
INSERT INTO `users` (`id`, `nickname`, `email`, `created_at`, `updated_at`) VALUES (65, 'Nam veritatis.', 'tyrell.glover@example.net', '2014-10-06 20:25:11', '2020-04-14 03:33:14');
INSERT INTO `users` (`id`, `nickname`, `email`, `created_at`, `updated_at`) VALUES (66, 'Praesentium.', 'jermey.auer@example.org', '2016-03-20 01:16:02', '2013-01-30 04:37:30');
INSERT INTO `users` (`id`, `nickname`, `email`, `created_at`, `updated_at`) VALUES (67, 'Quia quaerat.', 'rahsaan.goldner@example.org', '2020-08-13 03:07:20', '2016-06-25 17:08:44');
INSERT INTO `users` (`id`, `nickname`, `email`, `created_at`, `updated_at`) VALUES (68, 'Rerum aut vel.', 'kian.thompson@example.org', '2020-05-13 10:26:42', '2013-12-06 01:16:03');
INSERT INTO `users` (`id`, `nickname`, `email`, `created_at`, `updated_at`) VALUES (69, 'Et sed nobis.', 'cristal.nader@example.org', '2018-11-10 20:43:38', '2018-09-10 04:18:28');
INSERT INTO `users` (`id`, `nickname`, `email`, `created_at`, `updated_at`) VALUES (70, 'Deserunt enim.', 'sister.mcdermott@example.net', '2012-12-17 10:55:46', '2021-03-21 04:57:00');
INSERT INTO `users` (`id`, `nickname`, `email`, `created_at`, `updated_at`) VALUES (71, 'Odio minus in.', 'otto.wintheiser@example.org', '2012-02-25 10:26:49', '2017-05-16 14:15:13');
INSERT INTO `users` (`id`, `nickname`, `email`, `created_at`, `updated_at`) VALUES (72, 'Qui ut.', 'kenton22@example.com', '2017-11-30 10:09:04', '2014-04-21 03:16:57');
INSERT INTO `users` (`id`, `nickname`, `email`, `created_at`, `updated_at`) VALUES (73, 'Facilis.', 'dgleichner@example.org', '2018-03-13 16:37:08', '2014-04-14 06:03:30');
INSERT INTO `users` (`id`, `nickname`, `email`, `created_at`, `updated_at`) VALUES (74, 'Hic hic nam.', 'wreichert@example.net', '2012-04-04 15:18:33', '2017-12-24 02:53:21');
INSERT INTO `users` (`id`, `nickname`, `email`, `created_at`, `updated_at`) VALUES (75, 'Necessitatibus.', 'amara55@example.net', '2018-06-10 13:00:24', '2014-10-18 04:24:03');
INSERT INTO `users` (`id`, `nickname`, `email`, `created_at`, `updated_at`) VALUES (76, 'Rerum illum.', 'alvena.schowalter@example.net', '2018-09-06 16:29:30', '2011-06-14 06:21:33');
INSERT INTO `users` (`id`, `nickname`, `email`, `created_at`, `updated_at`) VALUES (77, 'Temporibus.', 'lisa36@example.net', '2011-09-28 14:14:41', '2012-02-27 12:42:50');
INSERT INTO `users` (`id`, `nickname`, `email`, `created_at`, `updated_at`) VALUES (78, 'Et occaecati.', 'vdibbert@example.com', '2018-04-04 10:05:03', '2017-07-26 12:00:11');
INSERT INTO `users` (`id`, `nickname`, `email`, `created_at`, `updated_at`) VALUES (79, 'Veritatis.', 'ghermiston@example.net', '2017-04-05 19:59:09', '2016-04-23 07:03:44');
INSERT INTO `users` (`id`, `nickname`, `email`, `created_at`, `updated_at`) VALUES (80, 'Sed maiores.', 'cecil45@example.com', '2011-05-03 13:47:09', '2012-03-26 23:11:12');
INSERT INTO `users` (`id`, `nickname`, `email`, `created_at`, `updated_at`) VALUES (81, 'Veniam cum ut.', 'merlin36@example.net', '2014-07-26 12:39:49', '2012-05-13 20:53:39');
INSERT INTO `users` (`id`, `nickname`, `email`, `created_at`, `updated_at`) VALUES (82, 'Omnis debitis.', 'vschowalter@example.org', '2016-05-22 08:34:33', '2018-03-31 09:54:52');
INSERT INTO `users` (`id`, `nickname`, `email`, `created_at`, `updated_at`) VALUES (83, 'Rerum mollitia.', 'to\'hara@example.org', '2019-07-31 04:13:57', '2020-04-01 22:16:55');
INSERT INTO `users` (`id`, `nickname`, `email`, `created_at`, `updated_at`) VALUES (84, 'Quas ea libero.', 'olynch@example.org', '2015-05-31 00:40:29', '2012-11-09 07:30:38');
INSERT INTO `users` (`id`, `nickname`, `email`, `created_at`, `updated_at`) VALUES (85, 'Perferendis et.', 'rebeka.orn@example.org', '2012-01-16 10:38:25', '2011-07-19 10:58:08');
INSERT INTO `users` (`id`, `nickname`, `email`, `created_at`, `updated_at`) VALUES (86, 'Omnis aut quia.', 'hlubowitz@example.net', '2015-08-19 14:17:46', '2017-05-10 17:31:17');
INSERT INTO `users` (`id`, `nickname`, `email`, `created_at`, `updated_at`) VALUES (87, 'Harum ut.', 'zieme.harold@example.org', '2017-06-01 23:26:55', '2016-11-07 22:44:46');
INSERT INTO `users` (`id`, `nickname`, `email`, `created_at`, `updated_at`) VALUES (88, 'Laudantium.', 'skuhlman@example.com', '2020-08-18 01:37:34', '2014-04-24 09:04:47');
INSERT INTO `users` (`id`, `nickname`, `email`, `created_at`, `updated_at`) VALUES (89, 'Hic odit optio.', 'ocassin@example.org', '2020-09-28 21:37:08', '2015-10-08 03:11:22');
INSERT INTO `users` (`id`, `nickname`, `email`, `created_at`, `updated_at`) VALUES (90, 'Adipisci.', 'jaskolski.david@example.com', '2015-09-12 11:57:12', '2020-09-18 12:37:30');
INSERT INTO `users` (`id`, `nickname`, `email`, `created_at`, `updated_at`) VALUES (91, 'Rerum quos.', 'wgutmann@example.net', '2016-11-01 14:22:48', '2013-04-14 16:42:46');
INSERT INTO `users` (`id`, `nickname`, `email`, `created_at`, `updated_at`) VALUES (92, 'Quisquam velit.', 'cpfannerstill@example.org', '2020-10-23 07:46:04', '2014-02-25 00:51:11');
INSERT INTO `users` (`id`, `nickname`, `email`, `created_at`, `updated_at`) VALUES (93, 'Quidem eveniet.', 'ethel19@example.net', '2011-11-18 14:48:03', '2015-09-19 22:21:15');
INSERT INTO `users` (`id`, `nickname`, `email`, `created_at`, `updated_at`) VALUES (94, 'Cum et.', 'rice.judah@example.net', '2017-04-24 01:12:25', '2018-11-18 17:06:34');
INSERT INTO `users` (`id`, `nickname`, `email`, `created_at`, `updated_at`) VALUES (95, 'Quam excepturi.', 'clemmie89@example.com', '2019-06-17 23:30:06', '2019-08-11 02:59:23');
INSERT INTO `users` (`id`, `nickname`, `email`, `created_at`, `updated_at`) VALUES (96, 'Et ut impedit.', 'schumm.hailee@example.com', '2011-08-25 19:06:54', '2017-01-18 18:16:33');
INSERT INTO `users` (`id`, `nickname`, `email`, `created_at`, `updated_at`) VALUES (97, 'Hic aut odit.', 'janice39@example.org', '2015-11-13 03:28:15', '2012-05-28 19:23:14');
INSERT INTO `users` (`id`, `nickname`, `email`, `created_at`, `updated_at`) VALUES (98, 'Et consectetur.', 'weimann.willow@example.org', '2012-03-06 09:31:14', '2016-07-19 15:55:17');
INSERT INTO `users` (`id`, `nickname`, `email`, `created_at`, `updated_at`) VALUES (99, 'Ut ad aut.', 'andre54@example.com', '2017-05-31 12:51:48', '2015-10-17 19:41:27');
INSERT INTO `users` (`id`, `nickname`, `email`, `created_at`, `updated_at`) VALUES (100, 'Quos.', 'xcollier@example.net', '2020-01-12 17:15:37', '2019-07-09 01:56:29');
INSERT INTO `users` (`id`, `nickname`, `email`, `created_at`, `updated_at`) VALUES (101, 'Sapiente.', 'bhuel@example.com', '2020-02-09 11:38:28', '2020-11-05 13:16:55');
INSERT INTO `users` (`id`, `nickname`, `email`, `created_at`, `updated_at`) VALUES (102, 'Ullam.', 'gkunze@example.org', '2013-03-17 22:35:59', '2017-07-08 00:54:39');
INSERT INTO `users` (`id`, `nickname`, `email`, `created_at`, `updated_at`) VALUES (103, 'Omnis nostrum.', 'rhett.stehr@example.net', '2013-02-09 01:32:48', '2013-11-01 15:00:05');
INSERT INTO `users` (`id`, `nickname`, `email`, `created_at`, `updated_at`) VALUES (104, 'Placeat quae.', 'zelma30@example.org', '2017-02-11 12:21:29', '2015-11-04 12:35:09');
INSERT INTO `users` (`id`, `nickname`, `email`, `created_at`, `updated_at`) VALUES (105, 'Voluptatem ut.', 'bcrooks@example.com', '2012-11-07 12:01:10', '2018-01-20 04:02:07');
INSERT INTO `users` (`id`, `nickname`, `email`, `created_at`, `updated_at`) VALUES (106, 'Nesciunt qui.', 'feest.myrtice@example.net', '2017-02-19 07:58:35', '2018-04-25 13:35:06');
INSERT INTO `users` (`id`, `nickname`, `email`, `created_at`, `updated_at`) VALUES (107, 'Quisquam.', 'ko\'conner@example.com', '2014-09-15 12:43:00', '2013-06-25 12:24:25');
INSERT INTO `users` (`id`, `nickname`, `email`, `created_at`, `updated_at`) VALUES (108, 'Nihil.', 'vwindler@example.net', '2012-08-25 23:13:22', '2014-08-31 20:41:30');
INSERT INTO `users` (`id`, `nickname`, `email`, `created_at`, `updated_at`) VALUES (109, 'Soluta itaque.', 'logan05@example.com', '2014-05-08 16:36:41', '2018-08-22 18:33:48');
INSERT INTO `users` (`id`, `nickname`, `email`, `created_at`, `updated_at`) VALUES (110, 'Quidem.', 'augustine.rosenbaum@example.org', '2012-04-11 07:15:17', '2020-10-17 18:38:37');
INSERT INTO `users` (`id`, `nickname`, `email`, `created_at`, `updated_at`) VALUES (111, 'Nostrum neque.', 'lveum@example.net', '2012-12-31 17:20:06', '2016-01-29 09:53:18');
INSERT INTO `users` (`id`, `nickname`, `email`, `created_at`, `updated_at`) VALUES (112, 'Aliquam.', 'carolyn.price@example.com', '2015-03-16 01:36:49', '2018-03-13 17:46:51');
INSERT INTO `users` (`id`, `nickname`, `email`, `created_at`, `updated_at`) VALUES (113, 'Quos fuga.', 'kihn.ethyl@example.com', '2015-10-31 16:40:16', '2011-07-19 08:51:41');
INSERT INTO `users` (`id`, `nickname`, `email`, `created_at`, `updated_at`) VALUES (114, 'Inventore non.', 'desmond.hayes@example.org', '2018-11-06 19:37:15', '2014-01-30 09:15:15');
INSERT INTO `users` (`id`, `nickname`, `email`, `created_at`, `updated_at`) VALUES (115, 'Quia veniam.', 'raven.deckow@example.org', '2020-12-09 05:43:00', '2016-01-15 22:15:42');
INSERT INTO `users` (`id`, `nickname`, `email`, `created_at`, `updated_at`) VALUES (116, 'Enim impedit.', 'kgoodwin@example.com', '2012-09-17 09:04:32', '2012-09-05 05:49:09');
INSERT INTO `users` (`id`, `nickname`, `email`, `created_at`, `updated_at`) VALUES (117, 'Delectus qui.', 'howe.loy@example.com', '2011-05-04 05:25:04', '2013-09-29 21:42:30');
INSERT INTO `users` (`id`, `nickname`, `email`, `created_at`, `updated_at`) VALUES (118, 'Qui aut.', 'everette.conn@example.org', '2019-04-23 08:06:49', '2020-11-19 20:43:48');
INSERT INTO `users` (`id`, `nickname`, `email`, `created_at`, `updated_at`) VALUES (119, 'Dolor a sit.', 'champlin.alba@example.net', '2018-06-22 20:45:57', '2017-01-07 05:38:32');
INSERT INTO `users` (`id`, `nickname`, `email`, `created_at`, `updated_at`) VALUES (120, 'Eligendi totam.', 'dennis.nikolaus@example.net', '2012-02-13 08:21:08', '2014-09-10 23:27:40');
INSERT INTO `users` (`id`, `nickname`, `email`, `created_at`, `updated_at`) VALUES (121, 'Odio hic.', 'bernier.torey@example.com', '2016-06-05 13:33:43', '2012-08-12 07:35:44');
INSERT INTO `users` (`id`, `nickname`, `email`, `created_at`, `updated_at`) VALUES (122, 'Assumenda.', 'bradtke.amber@example.net', '2014-12-29 03:58:16', '2014-06-05 12:10:34');
INSERT INTO `users` (`id`, `nickname`, `email`, `created_at`, `updated_at`) VALUES (123, 'Cupiditate.', 'kuhic.jerrell@example.com', '2017-01-02 07:22:50', '2012-11-18 21:33:23');
INSERT INTO `users` (`id`, `nickname`, `email`, `created_at`, `updated_at`) VALUES (124, 'Non beatae est.', 'morton.beatty@example.net', '2019-01-01 07:59:49', '2017-10-14 22:32:56');
INSERT INTO `users` (`id`, `nickname`, `email`, `created_at`, `updated_at`) VALUES (125, 'Quis molestiae.', 'rosa.feeney@example.com', '2015-07-17 16:43:43', '2015-04-07 18:53:56');
INSERT INTO `users` (`id`, `nickname`, `email`, `created_at`, `updated_at`) VALUES (126, 'Sint.', 'luciano.schoen@example.org', '2016-05-03 22:41:08', '2018-01-03 14:02:39');
INSERT INTO `users` (`id`, `nickname`, `email`, `created_at`, `updated_at`) VALUES (127, 'Odio sit odit.', 'demetris86@example.net', '2015-10-25 03:34:26', '2011-06-29 23:35:07');
INSERT INTO `users` (`id`, `nickname`, `email`, `created_at`, `updated_at`) VALUES (128, 'In quis vel.', 'josianne.adams@example.net', '2014-02-01 13:09:13', '2015-08-06 16:33:15');
INSERT INTO `users` (`id`, `nickname`, `email`, `created_at`, `updated_at`) VALUES (129, 'Est est odio.', 'valentina.carter@example.org', '2013-09-05 12:27:40', '2016-09-16 19:59:10');
INSERT INTO `users` (`id`, `nickname`, `email`, `created_at`, `updated_at`) VALUES (130, 'Aut error sunt.', 'robbie65@example.com', '2014-02-27 07:23:44', '2018-08-21 21:23:08');
INSERT INTO `users` (`id`, `nickname`, `email`, `created_at`, `updated_at`) VALUES (131, 'Dolores vel ea.', 'fadel.dianna@example.com', '2015-03-24 20:29:35', '2018-04-10 14:56:51');
INSERT INTO `users` (`id`, `nickname`, `email`, `created_at`, `updated_at`) VALUES (132, 'Culpa eum.', 'evangeline28@example.org', '2018-06-25 16:55:37', '2020-10-04 19:52:27');
INSERT INTO `users` (`id`, `nickname`, `email`, `created_at`, `updated_at`) VALUES (133, 'Et enim.', 'gzboncak@example.net', '2020-12-09 03:52:08', '2018-08-07 17:18:36');
INSERT INTO `users` (`id`, `nickname`, `email`, `created_at`, `updated_at`) VALUES (134, 'Est voluptas.', 'dedric40@example.net', '2018-08-25 22:40:55', '2018-05-08 14:25:53');
INSERT INTO `users` (`id`, `nickname`, `email`, `created_at`, `updated_at`) VALUES (135, 'Est aut ut non.', 'nnader@example.net', '2015-07-18 18:10:29', '2011-12-19 21:08:43');
INSERT INTO `users` (`id`, `nickname`, `email`, `created_at`, `updated_at`) VALUES (136, 'Porro.', 'ubaldo.fay@example.net', '2020-09-29 17:55:43', '2021-04-21 07:54:54');
INSERT INTO `users` (`id`, `nickname`, `email`, `created_at`, `updated_at`) VALUES (137, 'Corporis natus.', 'bruen.carolina@example.net', '2019-05-26 03:22:03', '2016-09-19 05:37:34');
INSERT INTO `users` (`id`, `nickname`, `email`, `created_at`, `updated_at`) VALUES (138, 'Odit.', 'crona.roslyn@example.org', '2018-07-02 13:34:06', '2017-10-28 18:44:03');
INSERT INTO `users` (`id`, `nickname`, `email`, `created_at`, `updated_at`) VALUES (139, 'Molestias.', 'steuber.heloise@example.org', '2017-01-10 07:39:56', '2020-08-13 11:51:40');
INSERT INTO `users` (`id`, `nickname`, `email`, `created_at`, `updated_at`) VALUES (140, 'Rem quam vero.', 'kling.nathanael@example.net', '2013-11-20 03:20:16', '2013-12-07 19:07:06');
INSERT INTO `users` (`id`, `nickname`, `email`, `created_at`, `updated_at`) VALUES (141, 'Laboriosam.', 'luigi.pollich@example.com', '2014-10-23 03:12:13', '2016-05-12 12:29:40');
INSERT INTO `users` (`id`, `nickname`, `email`, `created_at`, `updated_at`) VALUES (142, 'Dolor hic.', 'lwhite@example.com', '2020-03-27 05:35:33', '2017-02-18 23:01:52');
INSERT INTO `users` (`id`, `nickname`, `email`, `created_at`, `updated_at`) VALUES (143, 'Voluptatibus.', 'keira.carter@example.org', '2015-04-04 13:25:44', '2013-05-16 22:24:49');
INSERT INTO `users` (`id`, `nickname`, `email`, `created_at`, `updated_at`) VALUES (144, 'Enim eos hic.', 'mwalsh@example.com', '2019-09-06 06:41:04', '2011-05-21 12:00:43');
INSERT INTO `users` (`id`, `nickname`, `email`, `created_at`, `updated_at`) VALUES (145, 'Et sed quia.', 'maggio.dayna@example.com', '2015-03-04 16:04:15', '2018-01-11 05:58:14');
INSERT INTO `users` (`id`, `nickname`, `email`, `created_at`, `updated_at`) VALUES (146, 'Rerum.', 'denesik.einar@example.com', '2018-11-18 03:19:43', '2014-11-25 00:39:25');
INSERT INTO `users` (`id`, `nickname`, `email`, `created_at`, `updated_at`) VALUES (147, 'Fuga quidem.', 'shawna87@example.org', '2012-09-25 17:42:40', '2020-01-30 08:51:44');
INSERT INTO `users` (`id`, `nickname`, `email`, `created_at`, `updated_at`) VALUES (148, 'Doloribus quia.', 'dashawn26@example.com', '2017-01-05 00:10:24', '2013-07-18 13:52:05');
INSERT INTO `users` (`id`, `nickname`, `email`, `created_at`, `updated_at`) VALUES (149, 'Quis eos nulla.', 'lwalker@example.org', '2011-08-23 14:33:48', '2011-06-11 03:53:53');
INSERT INTO `users` (`id`, `nickname`, `email`, `created_at`, `updated_at`) VALUES (150, 'Non ipsam.', 'madaline95@example.net', '2014-10-18 15:12:34', '2014-04-01 06:25:58');
INSERT INTO `users` (`id`, `nickname`, `email`, `created_at`, `updated_at`) VALUES (151, 'Molestiae.', 'bartoletti.broderick@example.net', '2019-09-17 13:15:23', '2015-04-08 10:27:50');
INSERT INTO `users` (`id`, `nickname`, `email`, `created_at`, `updated_at`) VALUES (152, 'Et et aut.', 'kiehn.ignacio@example.org', '2011-12-10 13:41:51', '2015-01-15 22:40:10');
INSERT INTO `users` (`id`, `nickname`, `email`, `created_at`, `updated_at`) VALUES (153, 'Unde nemo.', 'woodrow.wunsch@example.net', '2012-07-12 22:34:00', '2014-07-11 10:14:44');
INSERT INTO `users` (`id`, `nickname`, `email`, `created_at`, `updated_at`) VALUES (154, 'Tempore earum.', 'brett.wyman@example.com', '2017-10-27 22:22:32', '2020-06-02 04:12:07');
INSERT INTO `users` (`id`, `nickname`, `email`, `created_at`, `updated_at`) VALUES (155, 'Ea rem.', 'hermann.ryan@example.com', '2018-04-23 09:24:33', '2017-08-26 18:15:10');
INSERT INTO `users` (`id`, `nickname`, `email`, `created_at`, `updated_at`) VALUES (156, 'Sit et.', 'hcronin@example.com', '2012-02-25 03:28:48', '2016-01-21 21:58:23');
INSERT INTO `users` (`id`, `nickname`, `email`, `created_at`, `updated_at`) VALUES (157, 'Placeat aut.', 'charley.greenfelder@example.net', '2015-11-13 19:08:49', '2014-09-09 02:01:19');
INSERT INTO `users` (`id`, `nickname`, `email`, `created_at`, `updated_at`) VALUES (158, 'Vero dolores.', 'nichole.block@example.org', '2017-11-13 05:30:27', '2017-06-22 16:10:24');
INSERT INTO `users` (`id`, `nickname`, `email`, `created_at`, `updated_at`) VALUES (159, 'Pariatur.', 'julianne73@example.org', '2019-11-03 11:34:38', '2013-10-03 20:22:32');
INSERT INTO `users` (`id`, `nickname`, `email`, `created_at`, `updated_at`) VALUES (160, 'Quos beatae.', 'alysha.stamm@example.org', '2014-10-09 23:11:43', '2014-12-06 03:24:11');
INSERT INTO `users` (`id`, `nickname`, `email`, `created_at`, `updated_at`) VALUES (161, 'Autem rem.', 'khaley@example.net', '2018-12-02 11:10:27', '2014-10-19 19:59:44');
INSERT INTO `users` (`id`, `nickname`, `email`, `created_at`, `updated_at`) VALUES (162, 'Quae.', 'london.lebsack@example.org', '2014-10-31 22:18:01', '2015-08-27 08:52:49');
INSERT INTO `users` (`id`, `nickname`, `email`, `created_at`, `updated_at`) VALUES (163, 'Ex consequatur.', 'weber.stanley@example.com', '2015-12-26 23:59:29', '2017-09-07 08:21:03');
INSERT INTO `users` (`id`, `nickname`, `email`, `created_at`, `updated_at`) VALUES (164, 'Sit eligendi.', 'stephanie00@example.com', '2012-11-22 19:03:31', '2018-12-21 18:11:57');
INSERT INTO `users` (`id`, `nickname`, `email`, `created_at`, `updated_at`) VALUES (165, 'Quos quis.', 'owen.wiegand@example.org', '2016-01-11 10:14:27', '2019-02-17 18:28:42');
INSERT INTO `users` (`id`, `nickname`, `email`, `created_at`, `updated_at`) VALUES (166, 'Quas qui.', 'beverly02@example.com', '2012-09-10 12:40:21', '2016-12-21 17:35:36');
INSERT INTO `users` (`id`, `nickname`, `email`, `created_at`, `updated_at`) VALUES (167, 'Qui est et.', 'mills.pete@example.org', '2012-03-16 12:55:47', '2014-04-02 10:50:01');
INSERT INTO `users` (`id`, `nickname`, `email`, `created_at`, `updated_at`) VALUES (168, 'Et assumenda.', 'delbert13@example.com', '2011-12-09 05:54:15', '2018-06-17 16:23:26');
INSERT INTO `users` (`id`, `nickname`, `email`, `created_at`, `updated_at`) VALUES (169, 'Dolores.', 'hartmann.warren@example.net', '2016-07-29 00:11:22', '2011-07-06 11:10:51');
INSERT INTO `users` (`id`, `nickname`, `email`, `created_at`, `updated_at`) VALUES (170, 'Porro pariatur.', 'moriah.bartell@example.org', '2021-02-28 21:24:21', '2016-10-31 02:41:26');
INSERT INTO `users` (`id`, `nickname`, `email`, `created_at`, `updated_at`) VALUES (171, 'Velit voluptas.', 'roger52@example.com', '2019-10-06 02:31:05', '2020-05-09 19:22:20');
INSERT INTO `users` (`id`, `nickname`, `email`, `created_at`, `updated_at`) VALUES (172, 'Deserunt.', 'brielle61@example.org', '2021-01-03 13:17:15', '2017-03-22 21:44:57');
INSERT INTO `users` (`id`, `nickname`, `email`, `created_at`, `updated_at`) VALUES (173, 'Culpa corporis.', 'runolfsdottir.quinton@example.com', '2013-06-23 20:47:00', '2011-06-19 17:25:39');
INSERT INTO `users` (`id`, `nickname`, `email`, `created_at`, `updated_at`) VALUES (174, 'Eius nihil a.', 'loma.heaney@example.org', '2014-09-29 13:41:19', '2012-03-25 22:31:57');
INSERT INTO `users` (`id`, `nickname`, `email`, `created_at`, `updated_at`) VALUES (175, 'Occaecati.', 'ycollins@example.org', '2012-10-15 18:24:45', '2011-10-20 04:16:08');
INSERT INTO `users` (`id`, `nickname`, `email`, `created_at`, `updated_at`) VALUES (176, 'Voluptatem in.', 'irving80@example.org', '2012-09-27 04:31:23', '2012-12-03 19:56:20');
INSERT INTO `users` (`id`, `nickname`, `email`, `created_at`, `updated_at`) VALUES (177, 'Laudantium ut.', 'cleta22@example.net', '2017-07-01 10:05:30', '2019-06-16 17:13:51');
INSERT INTO `users` (`id`, `nickname`, `email`, `created_at`, `updated_at`) VALUES (178, 'Qui modi sunt.', 'ywehner@example.org', '2011-11-27 05:33:51', '2016-06-09 14:33:08');
INSERT INTO `users` (`id`, `nickname`, `email`, `created_at`, `updated_at`) VALUES (179, 'Ea.', 'graciela.konopelski@example.org', '2015-10-01 05:27:24', '2019-03-13 23:43:32');
INSERT INTO `users` (`id`, `nickname`, `email`, `created_at`, `updated_at`) VALUES (180, 'Rerum magnam.', 'turcotte.audra@example.net', '2013-03-21 23:51:23', '2016-12-07 17:58:03');
INSERT INTO `users` (`id`, `nickname`, `email`, `created_at`, `updated_at`) VALUES (181, 'Impedit sequi.', 'kkuphal@example.org', '2011-11-13 00:40:28', '2017-06-28 19:21:21');
INSERT INTO `users` (`id`, `nickname`, `email`, `created_at`, `updated_at`) VALUES (182, 'Quia suscipit.', 'phessel@example.net', '2016-10-30 23:22:58', '2012-11-18 01:27:13');
INSERT INTO `users` (`id`, `nickname`, `email`, `created_at`, `updated_at`) VALUES (183, 'Non molestias.', 'lcrona@example.org', '2013-02-22 12:15:14', '2020-04-27 12:36:28');
INSERT INTO `users` (`id`, `nickname`, `email`, `created_at`, `updated_at`) VALUES (184, 'Quo eum aut.', 'rmayert@example.com', '2013-11-19 14:30:34', '2021-01-23 06:01:10');
INSERT INTO `users` (`id`, `nickname`, `email`, `created_at`, `updated_at`) VALUES (185, 'Cum qui eius.', 'schultz.jeff@example.net', '2014-12-12 10:59:42', '2011-12-08 05:21:54');
INSERT INTO `users` (`id`, `nickname`, `email`, `created_at`, `updated_at`) VALUES (186, 'Non sed iusto.', 'katarina05@example.net', '2019-08-01 14:06:18', '2011-12-08 18:07:01');
INSERT INTO `users` (`id`, `nickname`, `email`, `created_at`, `updated_at`) VALUES (187, 'Ipsa ipsum.', 'xdenesik@example.com', '2018-01-10 10:04:02', '2015-06-20 18:39:35');
INSERT INTO `users` (`id`, `nickname`, `email`, `created_at`, `updated_at`) VALUES (188, 'Pariatur qui.', 'cschaefer@example.net', '2011-06-09 03:32:08', '2011-06-09 21:31:08');
INSERT INTO `users` (`id`, `nickname`, `email`, `created_at`, `updated_at`) VALUES (189, 'Aut qui.', 'joyce.dubuque@example.org', '2013-11-10 14:20:18', '2017-01-13 06:09:14');
INSERT INTO `users` (`id`, `nickname`, `email`, `created_at`, `updated_at`) VALUES (190, 'Quasi iusto.', 'zdaniel@example.com', '2018-08-13 20:53:11', '2011-07-08 17:02:09');
INSERT INTO `users` (`id`, `nickname`, `email`, `created_at`, `updated_at`) VALUES (191, 'Eos rem.', 'amely79@example.org', '2017-11-16 13:45:55', '2018-09-09 13:18:47');
INSERT INTO `users` (`id`, `nickname`, `email`, `created_at`, `updated_at`) VALUES (192, 'Saepe.', 'aernser@example.org', '2017-05-20 21:11:05', '2018-08-07 08:37:15');
INSERT INTO `users` (`id`, `nickname`, `email`, `created_at`, `updated_at`) VALUES (193, 'Qui quia.', 'hschaden@example.net', '2020-11-13 10:58:00', '2013-08-11 07:22:09');
INSERT INTO `users` (`id`, `nickname`, `email`, `created_at`, `updated_at`) VALUES (194, 'Qui modi.', 'pamela59@example.com', '2018-07-30 17:16:57', '2013-12-19 16:44:01');
INSERT INTO `users` (`id`, `nickname`, `email`, `created_at`, `updated_at`) VALUES (195, 'Est alias.', 'langosh.delphine@example.org', '2018-10-14 07:32:36', '2021-04-08 21:04:40');
INSERT INTO `users` (`id`, `nickname`, `email`, `created_at`, `updated_at`) VALUES (196, 'Tenetur et qui.', 'douglas04@example.net', '2019-06-20 10:50:51', '2017-01-16 07:20:50');
INSERT INTO `users` (`id`, `nickname`, `email`, `created_at`, `updated_at`) VALUES (197, 'Sed tempora.', 'jlakin@example.net', '2015-08-20 00:08:26', '2019-05-20 18:07:50');
INSERT INTO `users` (`id`, `nickname`, `email`, `created_at`, `updated_at`) VALUES (198, 'Id voluptates.', 'bernier.albina@example.org', '2015-08-08 21:36:36', '2011-07-29 04:24:07');
INSERT INTO `users` (`id`, `nickname`, `email`, `created_at`, `updated_at`) VALUES (199, 'Cum molestiae.', 'pollich.jazmyne@example.org', '2011-08-28 14:45:08', '2020-03-24 07:45:15');
INSERT INTO `users` (`id`, `nickname`, `email`, `created_at`, `updated_at`) VALUES (200, 'Iste.', 'koelpin.garret@example.com', '2018-07-28 19:10:44', '2013-09-28 14:41:50');


#
# TABLE STRUCTURE FOR: video
#

DROP TABLE IF EXISTS `video`;

CREATE TABLE `video` (
  `id` int(10) unsigned NOT NULL AUTO_INCREMENT,
  `title` varchar(100) COLLATE utf8mb4_unicode_ci NOT NULL,
  `alt_title` varchar(100) COLLATE utf8mb4_unicode_ci DEFAULT NULL,
  `date_release` date DEFAULT NULL,
  `created_at` datetime DEFAULT current_timestamp(),
  `updated_at` datetime DEFAULT current_timestamp() ON UPDATE current_timestamp(),
  PRIMARY KEY (`id`)
) ENGINE=InnoDB AUTO_INCREMENT=101 DEFAULT CHARSET=utf8mb4 COLLATE=utf8mb4_unicode_ci;

INSERT INTO `video` (`id`, `title`, `alt_title`, `date_release`, `created_at`, `updated_at`) VALUES (1, 'With gently.', 'Alice, very much.', '2011-08-21', '2011-08-28 16:14:21', '2021-02-06 14:22:41');
INSERT INTO `video` (`id`, `title`, `alt_title`, `date_release`, `created_at`, `updated_at`) VALUES (2, 'The Cat\'s head.', 'Gryphon. Alice did.', '1977-05-05', '2019-06-23 04:36:52', '2016-01-20 01:35:57');
INSERT INTO `video` (`id`, `title`, `alt_title`, `date_release`, `created_at`, `updated_at`) VALUES (3, 'I don\'t want YOU.', 'Alice could see,.', '2005-02-10', '2016-05-13 23:37:23', '2012-12-01 17:13:20');
INSERT INTO `video` (`id`, `title`, `alt_title`, `date_release`, `created_at`, `updated_at`) VALUES (4, 'I shall have.', 'Dormouse crossed.', '2010-01-09', '2016-03-30 02:08:50', '2015-04-13 05:25:14');
INSERT INTO `video` (`id`, `title`, `alt_title`, `date_release`, `created_at`, `updated_at`) VALUES (5, 'There were doors.', 'Alice looked all.', '1991-10-08', '2020-12-04 21:22:09', '2019-01-05 10:35:23');
INSERT INTO `video` (`id`, `title`, `alt_title`, `date_release`, `created_at`, `updated_at`) VALUES (6, 'I\'m quite tired.', 'I know all the.', '1975-04-16', '2019-01-20 04:33:39', '2019-07-28 07:57:45');
INSERT INTO `video` (`id`, `title`, `alt_title`, `date_release`, `created_at`, `updated_at`) VALUES (7, 'I\'ll try and say.', 'THAN A MILE HIGH.', '2004-01-02', '2020-10-08 04:29:22', '2016-12-29 13:34:42');
INSERT INTO `video` (`id`, `title`, `alt_title`, `date_release`, `created_at`, `updated_at`) VALUES (8, 'I had it written.', 'CHAPTER X. The.', '2018-02-19', '2014-07-22 07:52:44', '2017-04-21 07:47:08');
INSERT INTO `video` (`id`, `title`, `alt_title`, `date_release`, `created_at`, `updated_at`) VALUES (9, 'King, and the.', 'When they take us.', '1998-05-24', '2014-01-18 17:24:09', '2012-02-21 19:24:40');
INSERT INTO `video` (`id`, `title`, `alt_title`, `date_release`, `created_at`, `updated_at`) VALUES (10, 'Alice, \'it\'ll.', 'Because he knows.', '2003-04-25', '2012-04-19 13:03:02', '2019-02-16 11:45:21');
INSERT INTO `video` (`id`, `title`, `alt_title`, `date_release`, `created_at`, `updated_at`) VALUES (11, 'Duchess; \'and most.', 'Cat: \'we\'re all.', '1993-04-24', '2015-02-27 03:42:30', '2014-07-12 05:39:20');
INSERT INTO `video` (`id`, `title`, `alt_title`, `date_release`, `created_at`, `updated_at`) VALUES (12, 'Alice.', 'I don\'t put my arm.', '2009-06-18', '2019-08-11 04:17:27', '2018-10-29 20:57:14');
INSERT INTO `video` (`id`, `title`, `alt_title`, `date_release`, `created_at`, `updated_at`) VALUES (13, 'Alice thought.', 'LESS,\' said the.', '1970-09-24', '2019-03-21 04:38:52', '2018-04-01 03:00:40');
INSERT INTO `video` (`id`, `title`, `alt_title`, `date_release`, `created_at`, `updated_at`) VALUES (14, 'Lory, as soon as.', 'Duchess said in a.', '1997-06-04', '2014-12-01 23:05:04', '2018-09-01 15:48:47');
INSERT INTO `video` (`id`, `title`, `alt_title`, `date_release`, `created_at`, `updated_at`) VALUES (15, 'Alice; \'it\'s laid.', 'NOT, being made.', '1988-06-07', '2017-07-07 20:13:45', '2015-08-07 17:55:08');
INSERT INTO `video` (`id`, `title`, `alt_title`, `date_release`, `created_at`, `updated_at`) VALUES (16, 'Gryphon, before.', 'This seemed to be.', '2017-03-22', '2020-08-06 14:11:02', '2018-04-02 03:19:33');
INSERT INTO `video` (`id`, `title`, `alt_title`, `date_release`, `created_at`, `updated_at`) VALUES (17, 'Caterpillar..', 'The Queen turned.', '1970-09-02', '2015-05-05 19:41:07', '2018-05-18 07:06:12');
INSERT INTO `video` (`id`, `title`, `alt_title`, `date_release`, `created_at`, `updated_at`) VALUES (18, 'I to do it?\' \'In.', 'How the Owl and.', '1982-07-29', '2011-06-25 06:04:45', '2016-05-10 07:18:30');
INSERT INTO `video` (`id`, `title`, `alt_title`, `date_release`, `created_at`, `updated_at`) VALUES (19, 'Dormouse was.', 'I never heard it.', '2010-10-18', '2014-07-07 10:33:51', '2018-04-18 08:10:34');
INSERT INTO `video` (`id`, `title`, `alt_title`, `date_release`, `created_at`, `updated_at`) VALUES (20, 'I shall see it pop.', 'The players all.', '2010-11-10', '2014-08-29 17:10:58', '2014-12-05 16:42:43');
INSERT INTO `video` (`id`, `title`, `alt_title`, `date_release`, `created_at`, `updated_at`) VALUES (21, 'CHAPTER IV. The.', 'Queen in a.', '1974-04-05', '2013-02-18 08:16:47', '2020-12-14 21:06:16');
INSERT INTO `video` (`id`, `title`, `alt_title`, `date_release`, `created_at`, `updated_at`) VALUES (22, 'Alice heard the.', 'What happened to.', '1991-09-28', '2013-03-20 02:44:48', '2012-06-15 13:02:23');
INSERT INTO `video` (`id`, `title`, `alt_title`, `date_release`, `created_at`, `updated_at`) VALUES (23, 'VERY deeply with a.', 'I can\'t tell you.', '1974-05-16', '2016-02-06 23:30:26', '2019-06-19 10:11:35');
INSERT INTO `video` (`id`, `title`, `alt_title`, `date_release`, `created_at`, `updated_at`) VALUES (24, 'I? Ah, THAT\'S the.', 'Bill,\' thought.', '2017-05-15', '2012-11-28 20:23:29', '2020-11-04 08:30:51');
INSERT INTO `video` (`id`, `title`, `alt_title`, `date_release`, `created_at`, `updated_at`) VALUES (25, 'Alice said.', 'There was a good.', '2015-02-27', '2017-08-17 20:15:22', '2011-09-05 23:15:30');
INSERT INTO `video` (`id`, `title`, `alt_title`, `date_release`, `created_at`, `updated_at`) VALUES (26, 'Queen, \'Really, my.', 'Alice began in a.', '1996-04-07', '2021-01-19 01:38:30', '2013-09-26 14:34:14');
INSERT INTO `video` (`id`, `title`, `alt_title`, `date_release`, `created_at`, `updated_at`) VALUES (27, 'Footman, \'and that.', 'Go on!\' \'I\'m a.', '2005-08-05', '2015-09-19 06:01:59', '2016-11-08 22:28:19');
INSERT INTO `video` (`id`, `title`, `alt_title`, `date_release`, `created_at`, `updated_at`) VALUES (28, 'First, she dreamed.', 'But, now that I\'m.', '1986-01-09', '2014-04-08 21:51:16', '2020-02-16 23:20:27');
INSERT INTO `video` (`id`, `title`, `alt_title`, `date_release`, `created_at`, `updated_at`) VALUES (29, 'CHAPTER VIII. The.', 'Alice loudly. \'The.', '2003-08-26', '2013-08-22 01:50:00', '2013-03-28 05:27:18');
INSERT INTO `video` (`id`, `title`, `alt_title`, `date_release`, `created_at`, `updated_at`) VALUES (30, 'Alice in a.', 'Alice replied very.', '1993-01-30', '2018-07-14 05:06:28', '2017-09-08 11:25:04');
INSERT INTO `video` (`id`, `title`, `alt_title`, `date_release`, `created_at`, `updated_at`) VALUES (31, 'Alice remarked..', 'WAS a narrow.', '2019-09-16', '2017-09-06 00:52:46', '2012-10-30 21:25:16');
INSERT INTO `video` (`id`, `title`, `alt_title`, `date_release`, `created_at`, `updated_at`) VALUES (32, 'Mouse was.', 'Alice was not a.', '2003-07-14', '2016-10-04 17:36:01', '2019-03-14 11:21:06');
INSERT INTO `video` (`id`, `title`, `alt_title`, `date_release`, `created_at`, `updated_at`) VALUES (33, 'White Rabbit.', 'He sent them word.', '1979-12-01', '2013-12-22 01:37:06', '2015-05-29 22:05:48');
INSERT INTO `video` (`id`, `title`, `alt_title`, `date_release`, `created_at`, `updated_at`) VALUES (34, 'However, I\'ve got.', 'Alice was only the.', '1984-04-01', '2015-12-10 06:44:58', '2011-06-06 00:42:12');
INSERT INTO `video` (`id`, `title`, `alt_title`, `date_release`, `created_at`, `updated_at`) VALUES (35, 'Gryphon at the.', 'King, \'that only.', '2009-06-07', '2013-07-04 05:06:05', '2014-05-07 18:16:28');
INSERT INTO `video` (`id`, `title`, `alt_title`, `date_release`, `created_at`, `updated_at`) VALUES (36, 'March Hare said in.', 'I was going off.', '1979-05-09', '2018-04-25 12:44:15', '2015-07-06 03:52:43');
INSERT INTO `video` (`id`, `title`, `alt_title`, `date_release`, `created_at`, `updated_at`) VALUES (37, 'I\'m sure I don\'t.', 'Hatter with a.', '2009-08-06', '2016-05-04 20:33:40', '2011-05-09 05:11:38');
INSERT INTO `video` (`id`, `title`, `alt_title`, `date_release`, `created_at`, `updated_at`) VALUES (38, 'Shakespeare, in.', 'Alice\'s great.', '2002-06-09', '2018-09-18 21:06:48', '2019-03-26 21:19:13');
INSERT INTO `video` (`id`, `title`, `alt_title`, `date_release`, `created_at`, `updated_at`) VALUES (39, 'I can reach the.', 'Pigeon, raising.', '1976-09-23', '2014-02-28 07:07:53', '2013-10-24 22:39:52');
INSERT INTO `video` (`id`, `title`, `alt_title`, `date_release`, `created_at`, `updated_at`) VALUES (40, 'Queen furiously,.', 'Alice; \'all I know.', '2016-01-28', '2018-08-19 16:31:45', '2016-11-20 09:43:26');
INSERT INTO `video` (`id`, `title`, `alt_title`, `date_release`, `created_at`, `updated_at`) VALUES (41, 'Alice was not a.', 'Which way?\',.', '2013-01-09', '2019-06-14 11:19:20', '2013-06-19 18:01:40');
INSERT INTO `video` (`id`, `title`, `alt_title`, `date_release`, `created_at`, `updated_at`) VALUES (42, 'I\'ll give them a.', 'I dare say you.', '1997-01-11', '2015-06-24 00:00:02', '2013-01-04 15:28:55');
INSERT INTO `video` (`id`, `title`, `alt_title`, `date_release`, `created_at`, `updated_at`) VALUES (43, 'Rabbit in a great.', 'Alice: \'besides,.', '2017-11-19', '2018-04-01 14:01:24', '2013-02-21 09:08:05');
INSERT INTO `video` (`id`, `title`, `alt_title`, `date_release`, `created_at`, `updated_at`) VALUES (44, 'Gryphon. \'I\'ve.', 'Alice heard the.', '1991-10-05', '2017-08-07 12:25:39', '2018-08-02 13:52:34');
INSERT INTO `video` (`id`, `title`, `alt_title`, `date_release`, `created_at`, `updated_at`) VALUES (45, 'Oh my fur and.', 'I shan\'t grow any.', '1971-06-21', '2013-10-03 08:38:42', '2017-03-16 13:14:20');
INSERT INTO `video` (`id`, `title`, `alt_title`, `date_release`, `created_at`, `updated_at`) VALUES (46, 'So they got thrown.', 'AT ALL. Soup does.', '1978-05-29', '2021-01-27 17:55:36', '2012-08-16 01:27:37');
INSERT INTO `video` (`id`, `title`, `alt_title`, `date_release`, `created_at`, `updated_at`) VALUES (47, 'Alice started to.', 'Caterpillar. Alice.', '2009-09-14', '2018-07-25 09:11:48', '2020-08-08 06:58:55');
INSERT INTO `video` (`id`, `title`, `alt_title`, `date_release`, `created_at`, `updated_at`) VALUES (48, 'Edgar Atheling to.', 'Alice, and her.', '1982-08-11', '2013-02-06 22:04:08', '2015-05-11 11:17:34');
INSERT INTO `video` (`id`, `title`, `alt_title`, `date_release`, `created_at`, `updated_at`) VALUES (49, 'Bill had left off.', 'And will talk in.', '2006-01-23', '2015-12-31 12:27:18', '2018-10-14 10:26:06');
INSERT INTO `video` (`id`, `title`, `alt_title`, `date_release`, `created_at`, `updated_at`) VALUES (50, 'However, I\'ve got.', 'I shall see it.', '1991-11-03', '2015-07-14 19:17:08', '2020-11-14 23:11:07');
INSERT INTO `video` (`id`, `title`, `alt_title`, `date_release`, `created_at`, `updated_at`) VALUES (51, 'Because he knows.', 'The Frog-Footman.', '2004-06-08', '2020-06-29 07:07:53', '2018-07-22 10:57:04');
INSERT INTO `video` (`id`, `title`, `alt_title`, `date_release`, `created_at`, `updated_at`) VALUES (52, 'Alice, as she.', 'Cheshire cat,\'.', '1988-12-17', '2012-11-26 23:28:14', '2018-01-08 05:27:31');
INSERT INTO `video` (`id`, `title`, `alt_title`, `date_release`, `created_at`, `updated_at`) VALUES (53, 'There\'s no.', 'Mock Turtle said:.', '2013-01-07', '2020-08-19 09:28:13', '2015-08-30 15:45:17');
INSERT INTO `video` (`id`, `title`, `alt_title`, `date_release`, `created_at`, `updated_at`) VALUES (54, 'Alice; not that.', 'OURS they had a.', '1981-05-15', '2014-09-24 12:45:12', '2012-07-04 10:51:44');
INSERT INTO `video` (`id`, `title`, `alt_title`, `date_release`, `created_at`, `updated_at`) VALUES (55, 'Caterpillar; and.', 'Alice thought.', '1976-02-12', '2020-10-14 17:58:18', '2019-02-23 12:16:49');
INSERT INTO `video` (`id`, `title`, `alt_title`, `date_release`, `created_at`, `updated_at`) VALUES (56, 'I\'ll have you.', 'Duchess said after.', '1985-02-23', '2013-06-17 19:14:40', '2020-11-16 04:01:11');
INSERT INTO `video` (`id`, `title`, `alt_title`, `date_release`, `created_at`, `updated_at`) VALUES (57, 'Mock Turtle, who.', 'However,.', '2017-12-04', '2020-06-12 08:14:00', '2014-10-09 05:20:14');
INSERT INTO `video` (`id`, `title`, `alt_title`, `date_release`, `created_at`, `updated_at`) VALUES (58, 'Then followed the.', 'I--\' \'Oh, don\'t.', '1984-11-27', '2020-07-12 03:53:27', '2020-01-27 11:54:21');
INSERT INTO `video` (`id`, `title`, `alt_title`, `date_release`, `created_at`, `updated_at`) VALUES (59, 'March Hare said in.', 'Latin Grammar, \'A.', '2018-07-10', '2013-05-16 07:33:52', '2017-04-05 01:09:53');
INSERT INTO `video` (`id`, `title`, `alt_title`, `date_release`, `created_at`, `updated_at`) VALUES (60, 'Let me see: I\'ll.', 'However, it was.', '2013-01-02', '2018-02-09 08:37:32', '2015-03-30 18:25:40');
INSERT INTO `video` (`id`, `title`, `alt_title`, `date_release`, `created_at`, `updated_at`) VALUES (61, 'Alice called after.', 'Hatter and the.', '1984-04-23', '2019-07-08 16:35:41', '2017-07-05 16:09:03');
INSERT INTO `video` (`id`, `title`, `alt_title`, `date_release`, `created_at`, `updated_at`) VALUES (62, 'Miss, we\'re doing.', 'Has lasted the.', '2006-08-27', '2012-02-06 11:40:11', '2018-11-25 05:44:35');
INSERT INTO `video` (`id`, `title`, `alt_title`, `date_release`, `created_at`, `updated_at`) VALUES (63, 'Cat, as soon as.', 'I\'ve got to do,\'.', '1975-12-09', '2015-12-12 09:29:44', '2020-08-22 10:28:18');
INSERT INTO `video` (`id`, `title`, `alt_title`, `date_release`, `created_at`, `updated_at`) VALUES (64, 'Alice kept her.', 'Down, down, down..', '2008-12-09', '2020-09-15 04:24:26', '2015-03-22 12:21:15');
INSERT INTO `video` (`id`, `title`, `alt_title`, `date_release`, `created_at`, `updated_at`) VALUES (65, 'March Hare,) \'--it.', 'King, \'that saves.', '1997-05-23', '2013-12-20 18:14:41', '2019-06-29 13:49:59');
INSERT INTO `video` (`id`, `title`, `alt_title`, `date_release`, `created_at`, `updated_at`) VALUES (66, 'Come on!\'.', 'YOUR shoes done.', '1980-12-29', '2011-07-18 02:06:31', '2013-09-09 14:27:17');
INSERT INTO `video` (`id`, `title`, `alt_title`, `date_release`, `created_at`, `updated_at`) VALUES (67, 'Queen\'s voice in.', 'Table doesn\'t.', '1972-08-28', '2017-05-10 20:11:29', '2012-05-15 14:37:05');
INSERT INTO `video` (`id`, `title`, `alt_title`, `date_release`, `created_at`, `updated_at`) VALUES (68, 'YOU must.', 'Hatter. \'I told.', '1990-09-08', '2015-04-16 02:38:02', '2017-03-06 21:39:21');
INSERT INTO `video` (`id`, `title`, `alt_title`, `date_release`, `created_at`, `updated_at`) VALUES (69, 'Cat, \'or you.', 'I must be what he.', '1974-10-26', '2014-03-23 07:04:09', '2015-03-25 19:37:36');
INSERT INTO `video` (`id`, `title`, `alt_title`, `date_release`, `created_at`, `updated_at`) VALUES (70, 'I could say if I.', 'Why, there\'s.', '2006-09-21', '2018-04-24 10:32:25', '2015-01-06 12:08:04');
INSERT INTO `video` (`id`, `title`, `alt_title`, `date_release`, `created_at`, `updated_at`) VALUES (71, 'I\'M a Duchess,\'.', 'You MUST have.', '2003-05-11', '2018-11-02 16:13:11', '2020-03-01 15:30:10');
INSERT INTO `video` (`id`, `title`, `alt_title`, `date_release`, `created_at`, `updated_at`) VALUES (72, 'YOU are, first.\'.', 'Queen. \'Can you.', '2002-08-05', '2021-02-06 20:43:12', '2013-03-18 00:27:29');
INSERT INTO `video` (`id`, `title`, `alt_title`, `date_release`, `created_at`, `updated_at`) VALUES (73, 'Alice remarked..', 'I? Ah, THAT\'S the.', '2004-01-04', '2015-11-07 21:58:04', '2015-01-15 18:13:24');
INSERT INTO `video` (`id`, `title`, `alt_title`, `date_release`, `created_at`, `updated_at`) VALUES (74, 'After a minute or.', 'YOU like cats if.', '1986-05-24', '2013-05-19 16:29:12', '2011-09-06 13:24:01');
INSERT INTO `video` (`id`, `title`, `alt_title`, `date_release`, `created_at`, `updated_at`) VALUES (75, 'English); \'now I\'m.', 'The Hatter was out.', '1993-02-08', '2016-08-04 16:56:24', '2016-12-04 23:13:27');
INSERT INTO `video` (`id`, `title`, `alt_title`, `date_release`, `created_at`, `updated_at`) VALUES (76, 'I was going on, as.', 'Majesty!\' the.', '1992-03-10', '2017-07-03 23:28:28', '2017-11-14 13:53:56');
INSERT INTO `video` (`id`, `title`, `alt_title`, `date_release`, `created_at`, `updated_at`) VALUES (77, 'Classics master,.', 'I was thinking I.', '1994-07-09', '2020-05-03 15:51:07', '2020-05-26 00:53:39');
INSERT INTO `video` (`id`, `title`, `alt_title`, `date_release`, `created_at`, `updated_at`) VALUES (78, 'Dormouse say?\' one.', 'Gryphon went on..', '1993-08-22', '2016-03-21 12:23:39', '2012-03-04 06:19:01');
INSERT INTO `video` (`id`, `title`, `alt_title`, `date_release`, `created_at`, `updated_at`) VALUES (79, 'Alice found at.', 'Mock Turtle.', '1979-08-15', '2014-09-08 11:10:12', '2019-01-13 13:06:45');
INSERT INTO `video` (`id`, `title`, `alt_title`, `date_release`, `created_at`, `updated_at`) VALUES (80, 'How queer.', 'Alice, who was.', '2002-12-22', '2011-08-09 02:06:08', '2013-02-07 13:52:41');
INSERT INTO `video` (`id`, `title`, `alt_title`, `date_release`, `created_at`, `updated_at`) VALUES (81, 'The Queen\'s.', 'The Cat\'s head.', '2000-03-16', '2016-03-31 10:36:10', '2018-12-09 03:00:39');
INSERT INTO `video` (`id`, `title`, `alt_title`, `date_release`, `created_at`, `updated_at`) VALUES (82, 'All this time the.', 'I mean what I was.', '2003-12-13', '2013-04-07 02:57:31', '2012-09-07 06:37:42');
INSERT INTO `video` (`id`, `title`, `alt_title`, `date_release`, `created_at`, `updated_at`) VALUES (83, 'There\'s no.', 'While she was near.', '1978-04-21', '2011-09-10 00:16:04', '2020-12-08 04:02:21');
INSERT INTO `video` (`id`, `title`, `alt_title`, `date_release`, `created_at`, `updated_at`) VALUES (84, 'So they got thrown.', 'Rabbit just under.', '2015-07-26', '2019-11-24 09:24:11', '2012-03-30 22:37:08');
INSERT INTO `video` (`id`, `title`, `alt_title`, `date_release`, `created_at`, `updated_at`) VALUES (85, 'In another minute.', 'Alice could bear:.', '2008-08-14', '2012-12-07 11:36:02', '2018-08-20 16:11:23');
INSERT INTO `video` (`id`, `title`, `alt_title`, `date_release`, `created_at`, `updated_at`) VALUES (86, 'These were the.', 'CHAPTER XI. Who.', '1982-10-20', '2016-06-03 03:05:28', '2014-07-21 05:00:06');
INSERT INTO `video` (`id`, `title`, `alt_title`, `date_release`, `created_at`, `updated_at`) VALUES (87, 'Ugh, Serpent!\'.', 'CHAPTER II. The.', '1985-07-25', '2014-07-12 23:11:32', '2011-05-01 11:57:40');
INSERT INTO `video` (`id`, `title`, `alt_title`, `date_release`, `created_at`, `updated_at`) VALUES (88, 'Alice)--\'and.', 'OUTSIDE.\' He.', '2005-04-16', '2019-07-14 14:11:38', '2019-07-01 17:24:14');
INSERT INTO `video` (`id`, `title`, `alt_title`, `date_release`, `created_at`, `updated_at`) VALUES (89, 'The great question.', 'Alice said to.', '1989-10-20', '2015-07-21 02:42:24', '2018-06-28 03:34:31');
INSERT INTO `video` (`id`, `title`, `alt_title`, `date_release`, `created_at`, `updated_at`) VALUES (90, 'I suppose it were.', 'I think you\'d.', '2004-12-15', '2021-02-12 17:33:39', '2019-05-03 07:43:05');
INSERT INTO `video` (`id`, `title`, `alt_title`, `date_release`, `created_at`, `updated_at`) VALUES (91, 'English!\' said the.', 'Alice noticed with.', '2014-12-26', '2020-02-14 06:24:43', '2014-02-21 21:25:34');
INSERT INTO `video` (`id`, `title`, `alt_title`, `date_release`, `created_at`, `updated_at`) VALUES (92, 'Alice. \'I\'M not a.', 'I shall only look.', '2001-06-08', '2017-12-22 15:23:20', '2012-08-04 13:40:08');
INSERT INTO `video` (`id`, `title`, `alt_title`, `date_release`, `created_at`, `updated_at`) VALUES (93, 'Alice! Come here.', 'And yet you.', '2011-02-05', '2012-01-01 18:42:16', '2011-09-27 23:59:53');
INSERT INTO `video` (`id`, `title`, `alt_title`, `date_release`, `created_at`, `updated_at`) VALUES (94, 'So they sat down,.', 'The Dormouse again.', '1972-07-12', '2020-02-17 18:29:09', '2016-02-06 16:36:53');
INSERT INTO `video` (`id`, `title`, `alt_title`, `date_release`, `created_at`, `updated_at`) VALUES (95, '.', 'I don\'t know,\' he.', '2013-11-14', '2020-04-05 17:41:37', '2015-08-23 06:26:50');
INSERT INTO `video` (`id`, `title`, `alt_title`, `date_release`, `created_at`, `updated_at`) VALUES (96, 'I can listen all.', 'Pigeon, but in a.', '2008-06-18', '2015-10-07 00:52:15', '2016-07-19 23:59:24');
INSERT INTO `video` (`id`, `title`, `alt_title`, `date_release`, `created_at`, `updated_at`) VALUES (97, 'Dormouse turned.', 'I\'ll tell him--it.', '1995-09-21', '2020-05-10 10:16:18', '2020-03-10 13:40:48');
INSERT INTO `video` (`id`, `title`, `alt_title`, `date_release`, `created_at`, `updated_at`) VALUES (98, 'She was looking.', 'Will you, won\'t.', '2003-06-21', '2015-11-18 02:35:16', '2016-07-17 07:49:56');
INSERT INTO `video` (`id`, `title`, `alt_title`, `date_release`, `created_at`, `updated_at`) VALUES (99, 'The Hatter was the.', 'I\'m a hatter.\'.', '2003-04-07', '2020-04-17 19:57:11', '2018-01-05 20:33:26');
INSERT INTO `video` (`id`, `title`, `alt_title`, `date_release`, `created_at`, `updated_at`) VALUES (100, 'Queen. \'Well, I.', 'Queen, and Alice,.', '1973-09-18', '2011-05-27 18:03:53', '2012-12-01 07:07:54');


#
# TABLE STRUCTURE FOR: video_info
#

DROP TABLE IF EXISTS `video_info`;

CREATE TABLE `video_info` (
  `video_id` int(10) unsigned NOT NULL,
  `video_type_id` int(10) unsigned DEFAULT NULL,
  `genre_id` int(10) unsigned DEFAULT NULL,
  `description` text COLLATE utf8mb4_unicode_ci DEFAULT NULL,
  `created_at` datetime DEFAULT current_timestamp(),
  `updated_at` datetime DEFAULT current_timestamp() ON UPDATE current_timestamp(),
  PRIMARY KEY (`video_id`)
) ENGINE=InnoDB DEFAULT CHARSET=utf8mb4 COLLATE=utf8mb4_unicode_ci;

INSERT INTO `video_info` (`video_id`, `video_type_id`, `genre_id`, `description`, `created_at`, `updated_at`) VALUES (1, 1, 1, 'Alice did not venture to ask any more questions about it, you may SIT down,\' the King.', '2013-01-04 00:11:21', '2017-05-31 22:40:20');
INSERT INTO `video_info` (`video_id`, `video_type_id`, `genre_id`, `description`, `created_at`, `updated_at`) VALUES (2, 2, 2, 'Alice looked at Alice, as she spoke, but no result seemed to have lessons to learn! Oh, I.', '2020-06-14 14:46:17', '2011-08-29 12:31:37');
INSERT INTO `video_info` (`video_id`, `video_type_id`, `genre_id`, `description`, `created_at`, `updated_at`) VALUES (3, 3, 3, 'I THINK I can reach the key; and if it had VERY long claws and a Canary called out to sea as you.', '2019-01-06 12:05:00', '2019-05-11 19:29:05');
INSERT INTO `video_info` (`video_id`, `video_type_id`, `genre_id`, `description`, `created_at`, `updated_at`) VALUES (4, 4, 4, 'King said gravely, \'and go on with the time,\' she said this last remark, \'it\'s a vegetable. It.', '2018-10-10 12:23:38', '2013-11-25 00:07:24');
INSERT INTO `video_info` (`video_id`, `video_type_id`, `genre_id`, `description`, `created_at`, `updated_at`) VALUES (5, 5, 5, 'I hadn\'t mentioned Dinah!\' she said to the Queen. An invitation from the Gryphon, \'you first form.', '2014-08-22 01:48:59', '2015-03-23 12:41:33');
INSERT INTO `video_info` (`video_id`, `video_type_id`, `genre_id`, `description`, `created_at`, `updated_at`) VALUES (6, 6, 6, 'Alice, and, after glaring at her as hard as he spoke. \'A cat may look at the end.\' \'If you can\'t.', '2020-09-08 07:28:37', '2018-12-15 20:31:57');
INSERT INTO `video_info` (`video_id`, `video_type_id`, `genre_id`, `description`, `created_at`, `updated_at`) VALUES (7, 1, 7, 'Alice, a good many little girls eat eggs quite as much as serpents do, you know.\' Alice had not.', '2020-09-12 09:55:44', '2012-02-14 00:19:14');
INSERT INTO `video_info` (`video_id`, `video_type_id`, `genre_id`, `description`, `created_at`, `updated_at`) VALUES (8, 2, 1, 'I to get in?\' asked Alice again, in a tone of the table. \'Nothing can be clearer than THAT. Then.', '2015-02-18 13:23:12', '2016-10-22 22:32:06');
INSERT INTO `video_info` (`video_id`, `video_type_id`, `genre_id`, `description`, `created_at`, `updated_at`) VALUES (9, 3, 2, 'Footman. \'That\'s the first day,\' said the Cat, and vanished again. Alice waited till she got back.', '2012-01-15 02:52:04', '2017-09-10 02:19:30');
INSERT INTO `video_info` (`video_id`, `video_type_id`, `genre_id`, `description`, `created_at`, `updated_at`) VALUES (10, 4, 3, 'They\'re dreadfully fond of pretending to be Number One,\' said Alice. \'Why?\' \'IT DOES THE BOOTS AND.', '2017-09-06 01:34:27', '2021-04-03 23:15:29');
INSERT INTO `video_info` (`video_id`, `video_type_id`, `genre_id`, `description`, `created_at`, `updated_at`) VALUES (11, 5, 4, 'Alice ventured to taste it, and fortunately was just in time to wash the things I used to do:--.', '2013-11-23 17:27:42', '2015-01-20 07:46:23');
INSERT INTO `video_info` (`video_id`, `video_type_id`, `genre_id`, `description`, `created_at`, `updated_at`) VALUES (12, 6, 5, 'FIT you,\' said the Lory. Alice replied in an offended tone, \'was, that the pebbles were all.', '2012-10-06 07:22:55', '2020-08-01 13:32:54');
INSERT INTO `video_info` (`video_id`, `video_type_id`, `genre_id`, `description`, `created_at`, `updated_at`) VALUES (13, 1, 6, 'Alice watched the White Rabbit, who said in a languid, sleepy voice. \'Who are YOU?\' Which brought.', '2019-03-31 00:32:48', '2020-09-26 11:19:23');
INSERT INTO `video_info` (`video_id`, `video_type_id`, `genre_id`, `description`, `created_at`, `updated_at`) VALUES (14, 2, 7, 'King said, with a sigh: \'it\'s always tea-time, and we\'ve no time to avoid shrinking away.', '2020-09-16 21:46:32', '2015-04-30 09:51:09');
INSERT INTO `video_info` (`video_id`, `video_type_id`, `genre_id`, `description`, `created_at`, `updated_at`) VALUES (15, 3, 1, 'Five! Don\'t go splashing paint over me like a serpent. She had just begun to dream that she wanted.', '2014-01-04 12:33:37', '2012-07-03 19:13:40');
INSERT INTO `video_info` (`video_id`, `video_type_id`, `genre_id`, `description`, `created_at`, `updated_at`) VALUES (16, 4, 2, 'Alice started to her that she knew she had expected: before she had put the hookah out of its.', '2012-08-29 13:46:53', '2020-05-15 13:04:21');
INSERT INTO `video_info` (`video_id`, `video_type_id`, `genre_id`, `description`, `created_at`, `updated_at`) VALUES (17, 5, 3, 'March Hare. Visit either you like: they\'re both mad.\' \'But I don\'t know,\' he went on in the.', '2017-12-16 02:39:21', '2014-02-21 19:12:20');
INSERT INTO `video_info` (`video_id`, `video_type_id`, `genre_id`, `description`, `created_at`, `updated_at`) VALUES (18, 6, 4, 'I\'m somebody else\"--but, oh dear!\' cried Alice, with a great many more than Alice could hear the.', '2014-07-03 09:46:51', '2020-07-06 01:01:09');
INSERT INTO `video_info` (`video_id`, `video_type_id`, `genre_id`, `description`, `created_at`, `updated_at`) VALUES (19, 1, 5, 'Hardly knowing what she was playing against herself, for this curious child was very fond of.', '2017-02-10 13:56:28', '2013-06-07 21:19:44');
INSERT INTO `video_info` (`video_id`, `video_type_id`, `genre_id`, `description`, `created_at`, `updated_at`) VALUES (20, 2, 6, 'GAVE HER ONE, THEY GAVE HIM TWO--\" why, that must be Mabel after all, and I shall ever see you.', '2012-09-30 01:32:24', '2019-11-13 08:26:27');
INSERT INTO `video_info` (`video_id`, `video_type_id`, `genre_id`, `description`, `created_at`, `updated_at`) VALUES (21, 3, 7, 'Who ever saw one that size? Why, it fills the whole thing very absurd, but they began solemnly.', '2013-11-22 08:58:44', '2014-12-31 20:55:53');
INSERT INTO `video_info` (`video_id`, `video_type_id`, `genre_id`, `description`, `created_at`, `updated_at`) VALUES (22, 4, 1, 'By the time when she first saw the Mock Turtle would be as well say this), \'to go on crying in.', '2018-03-07 18:47:36', '2016-08-22 13:09:47');
INSERT INTO `video_info` (`video_id`, `video_type_id`, `genre_id`, `description`, `created_at`, `updated_at`) VALUES (23, 5, 2, 'King said to herself, \'the way all the rest of the soldiers had to leave off being arches to do.', '2015-07-10 19:47:17', '2012-05-05 22:52:29');
INSERT INTO `video_info` (`video_id`, `video_type_id`, `genre_id`, `description`, `created_at`, `updated_at`) VALUES (24, 6, 3, 'I vote the young lady to see it trot away quietly into the wood. \'If it had grown so large a.', '2019-10-21 03:54:08', '2013-09-05 22:07:03');
INSERT INTO `video_info` (`video_id`, `video_type_id`, `genre_id`, `description`, `created_at`, `updated_at`) VALUES (25, 1, 4, 'Hatter. \'It isn\'t a letter, written by the way, was the Rabbit say, \'A barrowful of WHAT?\' thought.', '2020-12-27 14:23:35', '2011-10-03 20:55:28');
INSERT INTO `video_info` (`video_id`, `video_type_id`, `genre_id`, `description`, `created_at`, `updated_at`) VALUES (26, 2, 5, 'Alice, swallowing down her anger as well say that \"I see what was going to remark myself.\' \'Have.', '2018-06-15 12:38:38', '2020-10-04 05:05:02');
INSERT INTO `video_info` (`video_id`, `video_type_id`, `genre_id`, `description`, `created_at`, `updated_at`) VALUES (27, 3, 6, 'She took down a jar from one minute to another! However, I\'ve got back to yesterday, because I was.', '2013-09-07 08:07:01', '2012-05-28 01:18:44');
INSERT INTO `video_info` (`video_id`, `video_type_id`, `genre_id`, `description`, `created_at`, `updated_at`) VALUES (28, 4, 7, 'King. On this the White Rabbit cried out, \'Silence in the direction it pointed to, without trying.', '2014-10-03 21:25:59', '2017-05-14 14:39:18');
INSERT INTO `video_info` (`video_id`, `video_type_id`, `genre_id`, `description`, `created_at`, `updated_at`) VALUES (29, 5, 1, 'March Hare said to Alice, and she swam about, trying to explain the mistake it had been. But her.', '2012-12-19 20:08:28', '2020-05-15 11:24:23');
INSERT INTO `video_info` (`video_id`, `video_type_id`, `genre_id`, `description`, `created_at`, `updated_at`) VALUES (30, 6, 2, 'Caterpillar. \'Not QUITE right, I\'m afraid,\' said Alice, as she could. The next witness would be of.', '2015-02-09 22:25:25', '2020-10-19 00:27:04');
INSERT INTO `video_info` (`video_id`, `video_type_id`, `genre_id`, `description`, `created_at`, `updated_at`) VALUES (31, 1, 3, 'Caterpillar. Alice said very politely, \'for I can\'t be Mabel, for I know who I WAS when I was.', '2012-09-13 22:54:24', '2012-01-09 16:58:52');
INSERT INTO `video_info` (`video_id`, `video_type_id`, `genre_id`, `description`, `created_at`, `updated_at`) VALUES (32, 2, 4, 'MYSELF, I\'m afraid, sir\' said Alice, whose thoughts were still running on the stairs. Alice knew.', '2013-06-01 12:01:41', '2018-05-20 11:09:00');
INSERT INTO `video_info` (`video_id`, `video_type_id`, `genre_id`, `description`, `created_at`, `updated_at`) VALUES (33, 3, 5, 'Alice, the little golden key in the distance, and she told her sister, as well go back, and see.', '2016-01-21 18:34:02', '2017-04-02 16:25:10');
INSERT INTO `video_info` (`video_id`, `video_type_id`, `genre_id`, `description`, `created_at`, `updated_at`) VALUES (34, 4, 6, 'Caterpillar. \'Is that the cause of this remark, and thought it would be so stingy about it, you.', '2020-11-11 21:06:40', '2017-06-26 15:48:39');
INSERT INTO `video_info` (`video_id`, `video_type_id`, `genre_id`, `description`, `created_at`, `updated_at`) VALUES (35, 5, 7, 'King exclaimed, turning to the Hatter. He came in with the distant sobs of the trees behind him..', '2017-03-27 22:15:43', '2011-08-04 18:41:06');
INSERT INTO `video_info` (`video_id`, `video_type_id`, `genre_id`, `description`, `created_at`, `updated_at`) VALUES (36, 6, 1, 'Alice opened the door began sneezing all at once. \'Give your evidence,\' said the Duchess: \'and the.', '2016-05-15 18:50:46', '2018-07-09 20:01:06');
INSERT INTO `video_info` (`video_id`, `video_type_id`, `genre_id`, `description`, `created_at`, `updated_at`) VALUES (37, 1, 2, 'A little bright-eyed terrier, you know, this sort of knot, and then treading on her hand, and a.', '2017-09-06 04:17:36', '2021-02-27 21:06:55');
INSERT INTO `video_info` (`video_id`, `video_type_id`, `genre_id`, `description`, `created_at`, `updated_at`) VALUES (38, 2, 3, 'Bill!\' then the other, looking uneasily at the window, she suddenly spread out her hand, and a.', '2012-09-26 10:10:42', '2017-03-04 17:28:40');
INSERT INTO `video_info` (`video_id`, `video_type_id`, `genre_id`, `description`, `created_at`, `updated_at`) VALUES (39, 3, 4, 'I think?\' he said in a loud, indignant voice, but she did not notice this question, but hurriedly.', '2011-07-04 05:08:04', '2018-06-17 06:42:12');
INSERT INTO `video_info` (`video_id`, `video_type_id`, `genre_id`, `description`, `created_at`, `updated_at`) VALUES (40, 4, 5, 'For instance, if you only kept on puzzling about it in the flurry of the words all coming.', '2020-07-02 17:46:18', '2020-01-07 20:07:13');
INSERT INTO `video_info` (`video_id`, `video_type_id`, `genre_id`, `description`, `created_at`, `updated_at`) VALUES (41, 5, 6, 'But do cats eat bats, I wonder?\' As she said to herself \'That\'s quite enough--I hope I shan\'t go,.', '2015-06-17 03:38:49', '2015-09-13 11:27:14');
INSERT INTO `video_info` (`video_id`, `video_type_id`, `genre_id`, `description`, `created_at`, `updated_at`) VALUES (42, 6, 7, 'Wonderland of long ago: and how she was now, and she said to herself, (not in a very difficult.', '2012-09-21 19:22:00', '2013-06-06 01:32:02');
INSERT INTO `video_info` (`video_id`, `video_type_id`, `genre_id`, `description`, `created_at`, `updated_at`) VALUES (43, 1, 1, 'MINE.\' The Queen had never seen such a noise inside, no one to listen to her. \'I can see you\'re.', '2019-12-08 12:11:30', '2011-06-23 22:37:45');
INSERT INTO `video_info` (`video_id`, `video_type_id`, `genre_id`, `description`, `created_at`, `updated_at`) VALUES (44, 2, 2, 'I get\" is the capital of Rome, and Rome--no, THAT\'S all wrong, I\'m certain! I must have got into a.', '2011-11-21 13:21:20', '2017-07-13 11:33:30');
INSERT INTO `video_info` (`video_id`, `video_type_id`, `genre_id`, `description`, `created_at`, `updated_at`) VALUES (45, 3, 3, 'Cat. \'I don\'t think it\'s at all fairly,\' Alice began, in a confused way, \'Prizes! Prizes!\' Alice.', '2015-10-10 02:22:36', '2012-04-01 04:59:30');
INSERT INTO `video_info` (`video_id`, `video_type_id`, `genre_id`, `description`, `created_at`, `updated_at`) VALUES (46, 4, 4, 'I can listen all day to such stuff? Be off, or I\'ll kick you down stairs!\' \'That is not said.', '2020-03-03 06:41:48', '2021-02-21 02:21:04');
INSERT INTO `video_info` (`video_id`, `video_type_id`, `genre_id`, `description`, `created_at`, `updated_at`) VALUES (47, 5, 5, 'She waited for a dunce? Go on!\' \'I\'m a poor man, your Majesty,\' he began. \'You\'re a very deep.', '2015-02-21 18:18:36', '2018-08-10 19:54:24');
INSERT INTO `video_info` (`video_id`, `video_type_id`, `genre_id`, `description`, `created_at`, `updated_at`) VALUES (48, 6, 6, 'White Rabbit, \'but it sounds uncommon nonsense.\' Alice said nothing; she had this fit) An obstacle.', '2019-11-12 10:55:32', '2017-11-05 15:06:36');
INSERT INTO `video_info` (`video_id`, `video_type_id`, `genre_id`, `description`, `created_at`, `updated_at`) VALUES (49, 1, 7, 'Therefore I\'m mad.\' \'I call it purring, not growling,\' said Alice. \'Why, there they are!\' said the.', '2015-07-29 07:11:46', '2019-04-20 19:38:32');
INSERT INTO `video_info` (`video_id`, `video_type_id`, `genre_id`, `description`, `created_at`, `updated_at`) VALUES (50, 2, 1, 'I hadn\'t to bring tears into her face, and large eyes full of the ground.\' So she began: \'O Mouse,.', '2012-03-25 03:20:29', '2017-03-21 11:47:01');
INSERT INTO `video_info` (`video_id`, `video_type_id`, `genre_id`, `description`, `created_at`, `updated_at`) VALUES (51, 3, 2, 'Alice had been for some way, and then treading on my tail. See how eagerly the lobsters and the.', '2020-08-15 10:03:53', '2011-09-04 06:40:48');
INSERT INTO `video_info` (`video_id`, `video_type_id`, `genre_id`, `description`, `created_at`, `updated_at`) VALUES (52, 4, 3, 'Gryphon went on. \'Or would you tell me, please, which way she put it. She went in without.', '2017-07-03 05:26:33', '2011-09-24 16:00:19');
INSERT INTO `video_info` (`video_id`, `video_type_id`, `genre_id`, `description`, `created_at`, `updated_at`) VALUES (53, 5, 4, 'Gryphon interrupted in a moment. \'Let\'s go on crying in this way! Stop this moment, I tell you,.', '2015-12-05 15:05:48', '2019-08-21 01:02:12');
INSERT INTO `video_info` (`video_id`, `video_type_id`, `genre_id`, `description`, `created_at`, `updated_at`) VALUES (54, 6, 5, 'THAT\'S a good character, But said I didn\'t!\' interrupted Alice. \'You did,\' said the Queen. An.', '2013-08-15 15:58:36', '2016-08-01 22:14:26');
INSERT INTO `video_info` (`video_id`, `video_type_id`, `genre_id`, `description`, `created_at`, `updated_at`) VALUES (55, 1, 6, 'I give it up,\' Alice replied: \'what\'s the answer?\' \'I haven\'t the least idea what you\'re talking.', '2013-12-07 16:56:33', '2017-11-01 21:33:17');
INSERT INTO `video_info` (`video_id`, `video_type_id`, `genre_id`, `description`, `created_at`, `updated_at`) VALUES (56, 2, 7, 'I hadn\'t to bring tears into her head. \'If I eat one of them at last, with a cart-horse, and.', '2018-03-20 16:21:53', '2015-04-26 14:03:26');
INSERT INTO `video_info` (`video_id`, `video_type_id`, `genre_id`, `description`, `created_at`, `updated_at`) VALUES (57, 3, 1, 'Mock Turtle yawned and shut his note-book hastily. \'Consider your verdict,\' the King put on your.', '2019-08-02 00:15:07', '2013-04-20 09:30:43');
INSERT INTO `video_info` (`video_id`, `video_type_id`, `genre_id`, `description`, `created_at`, `updated_at`) VALUES (58, 4, 2, 'Ada,\' she said, as politely as she remembered the number of bathing machines in the last word two.', '2019-10-05 01:00:08', '2018-04-16 05:06:40');
INSERT INTO `video_info` (`video_id`, `video_type_id`, `genre_id`, `description`, `created_at`, `updated_at`) VALUES (59, 5, 3, 'The Hatter opened his eyes. \'I wasn\'t asleep,\' he said to herself; \'I should like to be a very.', '2017-06-02 11:22:28', '2020-05-13 18:46:53');
INSERT INTO `video_info` (`video_id`, `video_type_id`, `genre_id`, `description`, `created_at`, `updated_at`) VALUES (60, 6, 4, 'I know. Silence all round, if you were never even spoke to Time!\' \'Perhaps not,\' Alice replied in.', '2018-09-30 20:39:47', '2015-05-30 14:37:32');
INSERT INTO `video_info` (`video_id`, `video_type_id`, `genre_id`, `description`, `created_at`, `updated_at`) VALUES (61, 1, 5, 'Alice indignantly. \'Ah! then yours wasn\'t a really good school,\' said the King, who had got so.', '2012-12-25 02:59:59', '2017-05-04 11:45:28');
INSERT INTO `video_info` (`video_id`, `video_type_id`, `genre_id`, `description`, `created_at`, `updated_at`) VALUES (62, 2, 6, 'Mouse, getting up and beg for its dinner, and all that,\' he said in a hoarse growl, \'the world.', '2011-10-11 14:51:00', '2012-05-10 11:49:15');
INSERT INTO `video_info` (`video_id`, `video_type_id`, `genre_id`, `description`, `created_at`, `updated_at`) VALUES (63, 3, 7, 'I\'ll try if I know THAT well enough; and what does it matter to me whether you\'re a little shriek.', '2017-01-20 22:45:31', '2014-09-25 05:26:08');
INSERT INTO `video_info` (`video_id`, `video_type_id`, `genre_id`, `description`, `created_at`, `updated_at`) VALUES (64, 4, 1, 'Gryphon is, look at it!\' This speech caused a remarkable sensation among the people that walk with.', '2014-08-06 01:58:14', '2019-01-05 16:25:51');
INSERT INTO `video_info` (`video_id`, `video_type_id`, `genre_id`, `description`, `created_at`, `updated_at`) VALUES (65, 5, 2, 'I gave her one, they gave him two, You gave us three or more; They all made of solid glass; there.', '2018-11-07 20:56:47', '2015-02-27 23:23:34');
INSERT INTO `video_info` (`video_id`, `video_type_id`, `genre_id`, `description`, `created_at`, `updated_at`) VALUES (66, 6, 3, 'Alice caught the flamingo and brought it back, the fight was over, and both the hedgehogs were out.', '2012-03-06 15:25:17', '2018-06-08 09:25:08');
INSERT INTO `video_info` (`video_id`, `video_type_id`, `genre_id`, `description`, `created_at`, `updated_at`) VALUES (67, 1, 4, 'Alice as he wore his crown over the wig, (look at the jury-box, or they would die. \'The trial.', '2014-12-11 08:24:54', '2016-02-08 02:55:02');
INSERT INTO `video_info` (`video_id`, `video_type_id`, `genre_id`, `description`, `created_at`, `updated_at`) VALUES (68, 2, 5, 'Queen in front of the others all joined in chorus, \'Yes, please do!\' pleaded Alice. \'And ever.', '2017-09-18 10:09:22', '2015-01-03 18:21:18');
INSERT INTO `video_info` (`video_id`, `video_type_id`, `genre_id`, `description`, `created_at`, `updated_at`) VALUES (69, 3, 6, 'Queen was silent. The Dormouse slowly opened his eyes were getting so far off). \'Oh, my poor.', '2013-12-04 19:08:25', '2016-07-27 05:01:11');
INSERT INTO `video_info` (`video_id`, `video_type_id`, `genre_id`, `description`, `created_at`, `updated_at`) VALUES (70, 4, 7, 'Cat, \'or you wouldn\'t squeeze so.\' said the Hatter. \'You MUST remember,\' remarked the King, who.', '2015-07-03 01:14:04', '2013-02-09 00:51:23');
INSERT INTO `video_info` (`video_id`, `video_type_id`, `genre_id`, `description`, `created_at`, `updated_at`) VALUES (71, 5, 1, 'The Duchess took her choice, and was delighted to find her in the flurry of the deepest contempt..', '2021-03-07 23:12:35', '2021-01-29 03:34:00');
INSERT INTO `video_info` (`video_id`, `video_type_id`, `genre_id`, `description`, `created_at`, `updated_at`) VALUES (72, 6, 2, 'Alice; \'I daresay it\'s a French mouse, come over with diamonds, and walked two and two, as the.', '2015-02-13 05:26:10', '2013-12-07 15:14:55');
INSERT INTO `video_info` (`video_id`, `video_type_id`, `genre_id`, `description`, `created_at`, `updated_at`) VALUES (73, 1, 3, 'Queen. \'It proves nothing of the fact. \'I keep them to be Number One,\' said Alice. \'Call it what.', '2019-04-10 05:36:18', '2019-09-16 17:07:05');
INSERT INTO `video_info` (`video_id`, `video_type_id`, `genre_id`, `description`, `created_at`, `updated_at`) VALUES (74, 2, 4, 'Suddenly she came upon a little nervous about it while the Mouse to tell me who YOU are, first.\'.', '2013-09-04 01:14:43', '2019-12-07 10:29:33');
INSERT INTO `video_info` (`video_id`, `video_type_id`, `genre_id`, `description`, `created_at`, `updated_at`) VALUES (75, 3, 5, 'King, \'and don\'t be particular--Here, Bill! catch hold of anything, but she was playing against.', '2016-12-19 08:52:04', '2016-12-24 03:27:49');
INSERT INTO `video_info` (`video_id`, `video_type_id`, `genre_id`, `description`, `created_at`, `updated_at`) VALUES (76, 4, 6, 'Alice, \'it would be of any good reason, and as Alice could speak again. The rabbit-hole went.', '2019-07-06 07:30:31', '2011-05-22 18:05:57');
INSERT INTO `video_info` (`video_id`, `video_type_id`, `genre_id`, `description`, `created_at`, `updated_at`) VALUES (77, 5, 7, 'Hatter asked triumphantly. Alice did not much larger than a pig, my dear,\' said Alice, a good.', '2014-02-06 15:41:47', '2020-04-03 16:43:57');
INSERT INTO `video_info` (`video_id`, `video_type_id`, `genre_id`, `description`, `created_at`, `updated_at`) VALUES (78, 6, 1, 'Dodo, \'the best way you have of putting things!\' \'It\'s a friend of mine--a Cheshire Cat,\' said.', '2015-03-26 07:22:17', '2020-05-24 00:27:30');
INSERT INTO `video_info` (`video_id`, `video_type_id`, `genre_id`, `description`, `created_at`, `updated_at`) VALUES (79, 1, 2, 'I\'m mad. You\'re mad.\' \'How do you mean \"purpose\"?\' said Alice. The King and Queen of Hearts were.', '2016-04-02 14:39:24', '2021-03-25 17:42:44');
INSERT INTO `video_info` (`video_id`, `video_type_id`, `genre_id`, `description`, `created_at`, `updated_at`) VALUES (80, 2, 3, 'There was not a moment to be in a whisper, half afraid that it would like the look of it appeared..', '2013-01-10 06:43:02', '2019-12-01 17:10:15');
INSERT INTO `video_info` (`video_id`, `video_type_id`, `genre_id`, `description`, `created_at`, `updated_at`) VALUES (81, 3, 4, 'Alice; \'I might as well say,\' added the Dormouse. \'Don\'t talk nonsense,\' said Alice very politely;.', '2011-08-22 06:19:27', '2019-07-03 12:09:28');
INSERT INTO `video_info` (`video_id`, `video_type_id`, `genre_id`, `description`, `created_at`, `updated_at`) VALUES (82, 4, 5, 'Sir, With no jury or judge, would be of very little use without my shoulders. Oh, how I wish you.', '2019-07-09 09:58:09', '2018-08-29 14:14:53');
INSERT INTO `video_info` (`video_id`, `video_type_id`, `genre_id`, `description`, `created_at`, `updated_at`) VALUES (83, 5, 6, 'It did so indeed, and much sooner than she had sat down at her rather inquisitively, and seemed to.', '2013-01-11 13:43:03', '2020-11-14 15:50:46');
INSERT INTO `video_info` (`video_id`, `video_type_id`, `genre_id`, `description`, `created_at`, `updated_at`) VALUES (84, 6, 7, 'Alice. \'Did you speak?\' \'Not I!\' he replied. \'We quarrelled last March--just before HE went mad,.', '2020-06-27 06:30:32', '2021-01-19 16:30:11');
INSERT INTO `video_info` (`video_id`, `video_type_id`, `genre_id`, `description`, `created_at`, `updated_at`) VALUES (85, 1, 1, 'After a while she was shrinking rapidly; so she set off at once: one old Magpie began wrapping.', '2019-07-21 03:08:02', '2020-05-16 17:32:20');
INSERT INTO `video_info` (`video_id`, `video_type_id`, `genre_id`, `description`, `created_at`, `updated_at`) VALUES (86, 2, 2, 'Will you, won\'t you, will you join the dance? Will you, won\'t you join the dance? Will you, won\'t.', '2016-11-11 18:10:11', '2015-08-12 07:09:47');
INSERT INTO `video_info` (`video_id`, `video_type_id`, `genre_id`, `description`, `created_at`, `updated_at`) VALUES (87, 3, 3, 'I wish I hadn\'t gone down that rabbit-hole--and yet--and yet--it\'s rather curious, you know, as we.', '2011-07-26 23:33:52', '2015-01-18 05:04:13');
INSERT INTO `video_info` (`video_id`, `video_type_id`, `genre_id`, `description`, `created_at`, `updated_at`) VALUES (88, 4, 4, 'Alice and all the rats and--oh dear!\' cried Alice hastily, afraid that it was only a mouse that.', '2020-11-09 01:29:05', '2019-02-14 05:05:05');
INSERT INTO `video_info` (`video_id`, `video_type_id`, `genre_id`, `description`, `created_at`, `updated_at`) VALUES (89, 5, 5, 'King said, turning to the voice of the court was in livery: otherwise, judging by his garden.\"\'.', '2013-05-24 05:01:27', '2020-02-19 15:53:38');
INSERT INTO `video_info` (`video_id`, `video_type_id`, `genre_id`, `description`, `created_at`, `updated_at`) VALUES (90, 6, 6, 'Alice thoughtfully: \'but then--I shouldn\'t be hungry for it, while the rest of my life.\' \'You are.', '2014-10-14 13:22:25', '2015-06-20 09:49:16');
INSERT INTO `video_info` (`video_id`, `video_type_id`, `genre_id`, `description`, `created_at`, `updated_at`) VALUES (91, 1, 7, 'Adventures, till she had sat down a good deal worse off than before, as the March Hare and his.', '2018-04-08 15:52:30', '2012-10-26 15:43:12');
INSERT INTO `video_info` (`video_id`, `video_type_id`, `genre_id`, `description`, `created_at`, `updated_at`) VALUES (92, 2, 1, 'The judge, by the way, was the cat.) \'I hope they\'ll remember her saucer of milk at tea-time..', '2017-10-02 14:02:55', '2013-09-12 07:26:51');
INSERT INTO `video_info` (`video_id`, `video_type_id`, `genre_id`, `description`, `created_at`, `updated_at`) VALUES (93, 3, 2, 'I could say if I might venture to ask any more HERE.\' \'But then,\' thought Alice, \'they\'re sure to.', '2014-02-01 08:12:37', '2016-09-26 04:13:34');
INSERT INTO `video_info` (`video_id`, `video_type_id`, `genre_id`, `description`, `created_at`, `updated_at`) VALUES (94, 4, 3, 'Mock Turtle went on eagerly: \'There is such a hurry to change the subject. \'Ten hours the first.', '2014-01-28 14:03:59', '2013-03-24 02:58:41');
INSERT INTO `video_info` (`video_id`, `video_type_id`, `genre_id`, `description`, `created_at`, `updated_at`) VALUES (95, 5, 4, 'It was so full of soup. \'There\'s certainly too much of it at all. \'But perhaps it was a.', '2018-12-11 09:58:34', '2013-07-31 19:08:00');
INSERT INTO `video_info` (`video_id`, `video_type_id`, `genre_id`, `description`, `created_at`, `updated_at`) VALUES (96, 6, 5, 'CAN I have done that, you know,\' the Hatter and the great wonder is, that there\'s any one left.', '2020-06-20 14:29:47', '2018-07-02 08:00:18');
INSERT INTO `video_info` (`video_id`, `video_type_id`, `genre_id`, `description`, `created_at`, `updated_at`) VALUES (97, 1, 6, 'Gryphon. \'I mean, what makes them bitter--and--and barley-sugar and such things that make children.', '2011-07-30 13:20:22', '2014-06-29 06:43:51');
INSERT INTO `video_info` (`video_id`, `video_type_id`, `genre_id`, `description`, `created_at`, `updated_at`) VALUES (98, 2, 7, 'Alice. It looked good-natured, she thought: still it was sneezing and howling alternately without.', '2011-07-24 19:16:36', '2014-09-18 04:32:10');
INSERT INTO `video_info` (`video_id`, `video_type_id`, `genre_id`, `description`, `created_at`, `updated_at`) VALUES (99, 3, 1, 'He got behind him, and said nothing. \'This here young lady,\' said the Dormouse. \'Write that down,\'.', '2012-10-20 01:44:32', '2013-01-26 22:53:55');
INSERT INTO `video_info` (`video_id`, `video_type_id`, `genre_id`, `description`, `created_at`, `updated_at`) VALUES (100, 4, 2, 'Mock Turtle said: \'advance twice, set to work nibbling at the place of the e--e--evening,.', '2013-11-09 18:09:38', '2012-01-18 03:56:25');


#
# TABLE STRUCTURE FOR: video_score
#

DROP TABLE IF EXISTS `video_score`;

CREATE TABLE `video_score` (
  `score` tinyint(10) unsigned NOT NULL,
  `video_id` int(10) unsigned NOT NULL,
  `user_id` int(10) unsigned NOT NULL,
  PRIMARY KEY (`user_id`,`video_id`)
) ENGINE=InnoDB DEFAULT CHARSET=utf8mb4 COLLATE=utf8mb4_unicode_ci;

INSERT INTO `video_score` (`score`, `video_id`, `user_id`) VALUES (6, 39, 1);
INSERT INTO `video_score` (`score`, `video_id`, `user_id`) VALUES (6, 41, 1);
INSERT INTO `video_score` (`score`, `video_id`, `user_id`) VALUES (4, 76, 1);
INSERT INTO `video_score` (`score`, `video_id`, `user_id`) VALUES (9, 78, 1);
INSERT INTO `video_score` (`score`, `video_id`, `user_id`) VALUES (5, 3, 2);
INSERT INTO `video_score` (`score`, `video_id`, `user_id`) VALUES (9, 44, 2);
INSERT INTO `video_score` (`score`, `video_id`, `user_id`) VALUES (8, 49, 2);
INSERT INTO `video_score` (`score`, `video_id`, `user_id`) VALUES (4, 86, 2);
INSERT INTO `video_score` (`score`, `video_id`, `user_id`) VALUES (7, 33, 3);
INSERT INTO `video_score` (`score`, `video_id`, `user_id`) VALUES (9, 65, 3);
INSERT INTO `video_score` (`score`, `video_id`, `user_id`) VALUES (2, 11, 4);
INSERT INTO `video_score` (`score`, `video_id`, `user_id`) VALUES (5, 10, 5);
INSERT INTO `video_score` (`score`, `video_id`, `user_id`) VALUES (9, 18, 5);
INSERT INTO `video_score` (`score`, `video_id`, `user_id`) VALUES (7, 40, 5);
INSERT INTO `video_score` (`score`, `video_id`, `user_id`) VALUES (1, 49, 6);
INSERT INTO `video_score` (`score`, `video_id`, `user_id`) VALUES (4, 78, 7);
INSERT INTO `video_score` (`score`, `video_id`, `user_id`) VALUES (2, 6, 8);
INSERT INTO `video_score` (`score`, `video_id`, `user_id`) VALUES (7, 60, 8);
INSERT INTO `video_score` (`score`, `video_id`, `user_id`) VALUES (7, 78, 8);
INSERT INTO `video_score` (`score`, `video_id`, `user_id`) VALUES (2, 84, 8);
INSERT INTO `video_score` (`score`, `video_id`, `user_id`) VALUES (3, 31, 9);
INSERT INTO `video_score` (`score`, `video_id`, `user_id`) VALUES (8, 51, 11);
INSERT INTO `video_score` (`score`, `video_id`, `user_id`) VALUES (5, 90, 11);
INSERT INTO `video_score` (`score`, `video_id`, `user_id`) VALUES (6, 14, 13);
INSERT INTO `video_score` (`score`, `video_id`, `user_id`) VALUES (1, 91, 13);
INSERT INTO `video_score` (`score`, `video_id`, `user_id`) VALUES (4, 76, 14);
INSERT INTO `video_score` (`score`, `video_id`, `user_id`) VALUES (9, 79, 14);
INSERT INTO `video_score` (`score`, `video_id`, `user_id`) VALUES (8, 83, 14);
INSERT INTO `video_score` (`score`, `video_id`, `user_id`) VALUES (8, 4, 15);
INSERT INTO `video_score` (`score`, `video_id`, `user_id`) VALUES (5, 5, 15);
INSERT INTO `video_score` (`score`, `video_id`, `user_id`) VALUES (8, 32, 15);
INSERT INTO `video_score` (`score`, `video_id`, `user_id`) VALUES (6, 6, 16);
INSERT INTO `video_score` (`score`, `video_id`, `user_id`) VALUES (8, 1, 17);
INSERT INTO `video_score` (`score`, `video_id`, `user_id`) VALUES (5, 7, 17);
INSERT INTO `video_score` (`score`, `video_id`, `user_id`) VALUES (6, 72, 17);
INSERT INTO `video_score` (`score`, `video_id`, `user_id`) VALUES (3, 17, 20);
INSERT INTO `video_score` (`score`, `video_id`, `user_id`) VALUES (2, 48, 20);
INSERT INTO `video_score` (`score`, `video_id`, `user_id`) VALUES (4, 28, 22);
INSERT INTO `video_score` (`score`, `video_id`, `user_id`) VALUES (2, 53, 22);
INSERT INTO `video_score` (`score`, `video_id`, `user_id`) VALUES (3, 57, 22);
INSERT INTO `video_score` (`score`, `video_id`, `user_id`) VALUES (8, 35, 23);
INSERT INTO `video_score` (`score`, `video_id`, `user_id`) VALUES (4, 56, 26);
INSERT INTO `video_score` (`score`, `video_id`, `user_id`) VALUES (2, 58, 26);
INSERT INTO `video_score` (`score`, `video_id`, `user_id`) VALUES (9, 78, 26);
INSERT INTO `video_score` (`score`, `video_id`, `user_id`) VALUES (7, 82, 26);
INSERT INTO `video_score` (`score`, `video_id`, `user_id`) VALUES (9, 21, 28);
INSERT INTO `video_score` (`score`, `video_id`, `user_id`) VALUES (2, 20, 30);
INSERT INTO `video_score` (`score`, `video_id`, `user_id`) VALUES (2, 79, 30);
INSERT INTO `video_score` (`score`, `video_id`, `user_id`) VALUES (9, 98, 30);
INSERT INTO `video_score` (`score`, `video_id`, `user_id`) VALUES (1, 41, 32);
INSERT INTO `video_score` (`score`, `video_id`, `user_id`) VALUES (6, 50, 32);
INSERT INTO `video_score` (`score`, `video_id`, `user_id`) VALUES (7, 22, 33);
INSERT INTO `video_score` (`score`, `video_id`, `user_id`) VALUES (7, 76, 33);
INSERT INTO `video_score` (`score`, `video_id`, `user_id`) VALUES (2, 51, 34);
INSERT INTO `video_score` (`score`, `video_id`, `user_id`) VALUES (7, 78, 35);
INSERT INTO `video_score` (`score`, `video_id`, `user_id`) VALUES (6, 8, 36);
INSERT INTO `video_score` (`score`, `video_id`, `user_id`) VALUES (1, 22, 36);
INSERT INTO `video_score` (`score`, `video_id`, `user_id`) VALUES (2, 32, 36);
INSERT INTO `video_score` (`score`, `video_id`, `user_id`) VALUES (2, 64, 37);
INSERT INTO `video_score` (`score`, `video_id`, `user_id`) VALUES (2, 4, 38);
INSERT INTO `video_score` (`score`, `video_id`, `user_id`) VALUES (4, 17, 38);
INSERT INTO `video_score` (`score`, `video_id`, `user_id`) VALUES (4, 82, 38);
INSERT INTO `video_score` (`score`, `video_id`, `user_id`) VALUES (9, 21, 39);
INSERT INTO `video_score` (`score`, `video_id`, `user_id`) VALUES (2, 31, 39);
INSERT INTO `video_score` (`score`, `video_id`, `user_id`) VALUES (8, 20, 40);
INSERT INTO `video_score` (`score`, `video_id`, `user_id`) VALUES (6, 32, 40);
INSERT INTO `video_score` (`score`, `video_id`, `user_id`) VALUES (7, 51, 41);
INSERT INTO `video_score` (`score`, `video_id`, `user_id`) VALUES (6, 86, 41);
INSERT INTO `video_score` (`score`, `video_id`, `user_id`) VALUES (2, 81, 43);
INSERT INTO `video_score` (`score`, `video_id`, `user_id`) VALUES (8, 99, 43);
INSERT INTO `video_score` (`score`, `video_id`, `user_id`) VALUES (7, 7, 44);
INSERT INTO `video_score` (`score`, `video_id`, `user_id`) VALUES (3, 14, 44);
INSERT INTO `video_score` (`score`, `video_id`, `user_id`) VALUES (6, 87, 44);
INSERT INTO `video_score` (`score`, `video_id`, `user_id`) VALUES (1, 84, 45);
INSERT INTO `video_score` (`score`, `video_id`, `user_id`) VALUES (4, 30, 46);
INSERT INTO `video_score` (`score`, `video_id`, `user_id`) VALUES (9, 89, 46);
INSERT INTO `video_score` (`score`, `video_id`, `user_id`) VALUES (4, 39, 47);
INSERT INTO `video_score` (`score`, `video_id`, `user_id`) VALUES (1, 57, 47);
INSERT INTO `video_score` (`score`, `video_id`, `user_id`) VALUES (8, 62, 47);
INSERT INTO `video_score` (`score`, `video_id`, `user_id`) VALUES (2, 60, 51);
INSERT INTO `video_score` (`score`, `video_id`, `user_id`) VALUES (7, 18, 52);
INSERT INTO `video_score` (`score`, `video_id`, `user_id`) VALUES (1, 49, 52);
INSERT INTO `video_score` (`score`, `video_id`, `user_id`) VALUES (4, 81, 52);
INSERT INTO `video_score` (`score`, `video_id`, `user_id`) VALUES (4, 94, 53);
INSERT INTO `video_score` (`score`, `video_id`, `user_id`) VALUES (3, 18, 54);
INSERT INTO `video_score` (`score`, `video_id`, `user_id`) VALUES (5, 64, 54);
INSERT INTO `video_score` (`score`, `video_id`, `user_id`) VALUES (4, 7, 55);
INSERT INTO `video_score` (`score`, `video_id`, `user_id`) VALUES (4, 13, 55);
INSERT INTO `video_score` (`score`, `video_id`, `user_id`) VALUES (5, 77, 55);
INSERT INTO `video_score` (`score`, `video_id`, `user_id`) VALUES (9, 60, 56);
INSERT INTO `video_score` (`score`, `video_id`, `user_id`) VALUES (8, 79, 56);
INSERT INTO `video_score` (`score`, `video_id`, `user_id`) VALUES (5, 89, 56);
INSERT INTO `video_score` (`score`, `video_id`, `user_id`) VALUES (2, 66, 58);
INSERT INTO `video_score` (`score`, `video_id`, `user_id`) VALUES (1, 57, 59);
INSERT INTO `video_score` (`score`, `video_id`, `user_id`) VALUES (8, 74, 59);
INSERT INTO `video_score` (`score`, `video_id`, `user_id`) VALUES (1, 12, 60);
INSERT INTO `video_score` (`score`, `video_id`, `user_id`) VALUES (7, 71, 60);
INSERT INTO `video_score` (`score`, `video_id`, `user_id`) VALUES (4, 22, 62);
INSERT INTO `video_score` (`score`, `video_id`, `user_id`) VALUES (1, 46, 62);
INSERT INTO `video_score` (`score`, `video_id`, `user_id`) VALUES (3, 24, 64);
INSERT INTO `video_score` (`score`, `video_id`, `user_id`) VALUES (4, 38, 64);
INSERT INTO `video_score` (`score`, `video_id`, `user_id`) VALUES (4, 4, 66);
INSERT INTO `video_score` (`score`, `video_id`, `user_id`) VALUES (4, 92, 66);
INSERT INTO `video_score` (`score`, `video_id`, `user_id`) VALUES (1, 63, 68);
INSERT INTO `video_score` (`score`, `video_id`, `user_id`) VALUES (1, 79, 68);
INSERT INTO `video_score` (`score`, `video_id`, `user_id`) VALUES (4, 34, 71);
INSERT INTO `video_score` (`score`, `video_id`, `user_id`) VALUES (8, 89, 72);
INSERT INTO `video_score` (`score`, `video_id`, `user_id`) VALUES (6, 5, 75);
INSERT INTO `video_score` (`score`, `video_id`, `user_id`) VALUES (4, 17, 76);
INSERT INTO `video_score` (`score`, `video_id`, `user_id`) VALUES (9, 64, 76);
INSERT INTO `video_score` (`score`, `video_id`, `user_id`) VALUES (6, 76, 77);
INSERT INTO `video_score` (`score`, `video_id`, `user_id`) VALUES (8, 77, 77);
INSERT INTO `video_score` (`score`, `video_id`, `user_id`) VALUES (7, 80, 77);
INSERT INTO `video_score` (`score`, `video_id`, `user_id`) VALUES (3, 59, 79);
INSERT INTO `video_score` (`score`, `video_id`, `user_id`) VALUES (4, 59, 80);
INSERT INTO `video_score` (`score`, `video_id`, `user_id`) VALUES (8, 84, 80);
INSERT INTO `video_score` (`score`, `video_id`, `user_id`) VALUES (7, 98, 80);
INSERT INTO `video_score` (`score`, `video_id`, `user_id`) VALUES (5, 5, 81);
INSERT INTO `video_score` (`score`, `video_id`, `user_id`) VALUES (4, 54, 82);
INSERT INTO `video_score` (`score`, `video_id`, `user_id`) VALUES (3, 97, 82);
INSERT INTO `video_score` (`score`, `video_id`, `user_id`) VALUES (5, 77, 83);
INSERT INTO `video_score` (`score`, `video_id`, `user_id`) VALUES (7, 54, 84);
INSERT INTO `video_score` (`score`, `video_id`, `user_id`) VALUES (9, 99, 85);
INSERT INTO `video_score` (`score`, `video_id`, `user_id`) VALUES (2, 92, 88);
INSERT INTO `video_score` (`score`, `video_id`, `user_id`) VALUES (8, 43, 89);
INSERT INTO `video_score` (`score`, `video_id`, `user_id`) VALUES (7, 60, 90);
INSERT INTO `video_score` (`score`, `video_id`, `user_id`) VALUES (1, 2, 91);
INSERT INTO `video_score` (`score`, `video_id`, `user_id`) VALUES (1, 94, 91);
INSERT INTO `video_score` (`score`, `video_id`, `user_id`) VALUES (5, 8, 92);
INSERT INTO `video_score` (`score`, `video_id`, `user_id`) VALUES (9, 13, 92);
INSERT INTO `video_score` (`score`, `video_id`, `user_id`) VALUES (5, 100, 92);
INSERT INTO `video_score` (`score`, `video_id`, `user_id`) VALUES (5, 29, 93);
INSERT INTO `video_score` (`score`, `video_id`, `user_id`) VALUES (6, 51, 93);
INSERT INTO `video_score` (`score`, `video_id`, `user_id`) VALUES (8, 93, 93);
INSERT INTO `video_score` (`score`, `video_id`, `user_id`) VALUES (8, 40, 94);
INSERT INTO `video_score` (`score`, `video_id`, `user_id`) VALUES (5, 43, 94);
INSERT INTO `video_score` (`score`, `video_id`, `user_id`) VALUES (9, 41, 95);
INSERT INTO `video_score` (`score`, `video_id`, `user_id`) VALUES (5, 7, 96);
INSERT INTO `video_score` (`score`, `video_id`, `user_id`) VALUES (7, 46, 96);
INSERT INTO `video_score` (`score`, `video_id`, `user_id`) VALUES (5, 20, 98);
INSERT INTO `video_score` (`score`, `video_id`, `user_id`) VALUES (2, 99, 98);
INSERT INTO `video_score` (`score`, `video_id`, `user_id`) VALUES (8, 13, 100);
INSERT INTO `video_score` (`score`, `video_id`, `user_id`) VALUES (4, 55, 100);
INSERT INTO `video_score` (`score`, `video_id`, `user_id`) VALUES (1, 89, 102);
INSERT INTO `video_score` (`score`, `video_id`, `user_id`) VALUES (5, 8, 104);
INSERT INTO `video_score` (`score`, `video_id`, `user_id`) VALUES (3, 79, 105);
INSERT INTO `video_score` (`score`, `video_id`, `user_id`) VALUES (2, 47, 106);
INSERT INTO `video_score` (`score`, `video_id`, `user_id`) VALUES (4, 77, 106);
INSERT INTO `video_score` (`score`, `video_id`, `user_id`) VALUES (8, 97, 106);
INSERT INTO `video_score` (`score`, `video_id`, `user_id`) VALUES (3, 43, 107);
INSERT INTO `video_score` (`score`, `video_id`, `user_id`) VALUES (8, 45, 107);
INSERT INTO `video_score` (`score`, `video_id`, `user_id`) VALUES (4, 12, 108);
INSERT INTO `video_score` (`score`, `video_id`, `user_id`) VALUES (6, 19, 108);
INSERT INTO `video_score` (`score`, `video_id`, `user_id`) VALUES (4, 32, 109);
INSERT INTO `video_score` (`score`, `video_id`, `user_id`) VALUES (2, 29, 112);
INSERT INTO `video_score` (`score`, `video_id`, `user_id`) VALUES (4, 62, 112);
INSERT INTO `video_score` (`score`, `video_id`, `user_id`) VALUES (8, 90, 112);
INSERT INTO `video_score` (`score`, `video_id`, `user_id`) VALUES (3, 59, 113);
INSERT INTO `video_score` (`score`, `video_id`, `user_id`) VALUES (4, 77, 113);
INSERT INTO `video_score` (`score`, `video_id`, `user_id`) VALUES (3, 15, 115);
INSERT INTO `video_score` (`score`, `video_id`, `user_id`) VALUES (3, 42, 115);
INSERT INTO `video_score` (`score`, `video_id`, `user_id`) VALUES (9, 45, 115);
INSERT INTO `video_score` (`score`, `video_id`, `user_id`) VALUES (3, 84, 116);
INSERT INTO `video_score` (`score`, `video_id`, `user_id`) VALUES (7, 3, 117);
INSERT INTO `video_score` (`score`, `video_id`, `user_id`) VALUES (9, 10, 117);
INSERT INTO `video_score` (`score`, `video_id`, `user_id`) VALUES (5, 69, 117);
INSERT INTO `video_score` (`score`, `video_id`, `user_id`) VALUES (8, 87, 117);
INSERT INTO `video_score` (`score`, `video_id`, `user_id`) VALUES (6, 94, 117);
INSERT INTO `video_score` (`score`, `video_id`, `user_id`) VALUES (2, 100, 117);
INSERT INTO `video_score` (`score`, `video_id`, `user_id`) VALUES (1, 37, 118);
INSERT INTO `video_score` (`score`, `video_id`, `user_id`) VALUES (7, 71, 118);
INSERT INTO `video_score` (`score`, `video_id`, `user_id`) VALUES (1, 81, 118);
INSERT INTO `video_score` (`score`, `video_id`, `user_id`) VALUES (8, 6, 120);
INSERT INTO `video_score` (`score`, `video_id`, `user_id`) VALUES (4, 27, 120);
INSERT INTO `video_score` (`score`, `video_id`, `user_id`) VALUES (7, 6, 122);
INSERT INTO `video_score` (`score`, `video_id`, `user_id`) VALUES (1, 93, 122);
INSERT INTO `video_score` (`score`, `video_id`, `user_id`) VALUES (8, 94, 124);
INSERT INTO `video_score` (`score`, `video_id`, `user_id`) VALUES (1, 78, 125);
INSERT INTO `video_score` (`score`, `video_id`, `user_id`) VALUES (6, 40, 126);
INSERT INTO `video_score` (`score`, `video_id`, `user_id`) VALUES (4, 11, 127);
INSERT INTO `video_score` (`score`, `video_id`, `user_id`) VALUES (7, 73, 127);
INSERT INTO `video_score` (`score`, `video_id`, `user_id`) VALUES (6, 30, 128);
INSERT INTO `video_score` (`score`, `video_id`, `user_id`) VALUES (1, 11, 130);
INSERT INTO `video_score` (`score`, `video_id`, `user_id`) VALUES (6, 30, 130);
INSERT INTO `video_score` (`score`, `video_id`, `user_id`) VALUES (7, 47, 131);
INSERT INTO `video_score` (`score`, `video_id`, `user_id`) VALUES (3, 82, 131);
INSERT INTO `video_score` (`score`, `video_id`, `user_id`) VALUES (8, 86, 131);
INSERT INTO `video_score` (`score`, `video_id`, `user_id`) VALUES (2, 31, 132);
INSERT INTO `video_score` (`score`, `video_id`, `user_id`) VALUES (5, 80, 132);
INSERT INTO `video_score` (`score`, `video_id`, `user_id`) VALUES (2, 70, 133);
INSERT INTO `video_score` (`score`, `video_id`, `user_id`) VALUES (7, 72, 133);
INSERT INTO `video_score` (`score`, `video_id`, `user_id`) VALUES (7, 14, 135);
INSERT INTO `video_score` (`score`, `video_id`, `user_id`) VALUES (3, 96, 135);
INSERT INTO `video_score` (`score`, `video_id`, `user_id`) VALUES (1, 33, 137);
INSERT INTO `video_score` (`score`, `video_id`, `user_id`) VALUES (7, 9, 138);
INSERT INTO `video_score` (`score`, `video_id`, `user_id`) VALUES (6, 49, 138);
INSERT INTO `video_score` (`score`, `video_id`, `user_id`) VALUES (5, 100, 138);
INSERT INTO `video_score` (`score`, `video_id`, `user_id`) VALUES (2, 69, 139);
INSERT INTO `video_score` (`score`, `video_id`, `user_id`) VALUES (1, 80, 139);
INSERT INTO `video_score` (`score`, `video_id`, `user_id`) VALUES (4, 12, 140);
INSERT INTO `video_score` (`score`, `video_id`, `user_id`) VALUES (6, 41, 140);
INSERT INTO `video_score` (`score`, `video_id`, `user_id`) VALUES (5, 77, 140);
INSERT INTO `video_score` (`score`, `video_id`, `user_id`) VALUES (3, 1, 141);
INSERT INTO `video_score` (`score`, `video_id`, `user_id`) VALUES (3, 31, 141);
INSERT INTO `video_score` (`score`, `video_id`, `user_id`) VALUES (6, 76, 141);
INSERT INTO `video_score` (`score`, `video_id`, `user_id`) VALUES (4, 84, 141);
INSERT INTO `video_score` (`score`, `video_id`, `user_id`) VALUES (1, 37, 142);
INSERT INTO `video_score` (`score`, `video_id`, `user_id`) VALUES (7, 99, 142);
INSERT INTO `video_score` (`score`, `video_id`, `user_id`) VALUES (1, 56, 143);
INSERT INTO `video_score` (`score`, `video_id`, `user_id`) VALUES (5, 37, 144);
INSERT INTO `video_score` (`score`, `video_id`, `user_id`) VALUES (2, 51, 145);
INSERT INTO `video_score` (`score`, `video_id`, `user_id`) VALUES (1, 63, 145);
INSERT INTO `video_score` (`score`, `video_id`, `user_id`) VALUES (6, 73, 145);
INSERT INTO `video_score` (`score`, `video_id`, `user_id`) VALUES (1, 75, 145);
INSERT INTO `video_score` (`score`, `video_id`, `user_id`) VALUES (2, 2, 146);
INSERT INTO `video_score` (`score`, `video_id`, `user_id`) VALUES (9, 26, 146);
INSERT INTO `video_score` (`score`, `video_id`, `user_id`) VALUES (2, 93, 146);
INSERT INTO `video_score` (`score`, `video_id`, `user_id`) VALUES (5, 67, 147);
INSERT INTO `video_score` (`score`, `video_id`, `user_id`) VALUES (9, 85, 147);
INSERT INTO `video_score` (`score`, `video_id`, `user_id`) VALUES (9, 35, 148);
INSERT INTO `video_score` (`score`, `video_id`, `user_id`) VALUES (7, 33, 149);
INSERT INTO `video_score` (`score`, `video_id`, `user_id`) VALUES (9, 53, 149);
INSERT INTO `video_score` (`score`, `video_id`, `user_id`) VALUES (3, 75, 150);
INSERT INTO `video_score` (`score`, `video_id`, `user_id`) VALUES (8, 34, 152);
INSERT INTO `video_score` (`score`, `video_id`, `user_id`) VALUES (7, 45, 152);
INSERT INTO `video_score` (`score`, `video_id`, `user_id`) VALUES (8, 61, 152);
INSERT INTO `video_score` (`score`, `video_id`, `user_id`) VALUES (2, 58, 154);
INSERT INTO `video_score` (`score`, `video_id`, `user_id`) VALUES (6, 79, 154);
INSERT INTO `video_score` (`score`, `video_id`, `user_id`) VALUES (3, 85, 154);
INSERT INTO `video_score` (`score`, `video_id`, `user_id`) VALUES (6, 5, 155);
INSERT INTO `video_score` (`score`, `video_id`, `user_id`) VALUES (1, 75, 155);
INSERT INTO `video_score` (`score`, `video_id`, `user_id`) VALUES (1, 15, 156);
INSERT INTO `video_score` (`score`, `video_id`, `user_id`) VALUES (1, 40, 156);
INSERT INTO `video_score` (`score`, `video_id`, `user_id`) VALUES (8, 80, 156);
INSERT INTO `video_score` (`score`, `video_id`, `user_id`) VALUES (5, 96, 156);
INSERT INTO `video_score` (`score`, `video_id`, `user_id`) VALUES (2, 24, 157);
INSERT INTO `video_score` (`score`, `video_id`, `user_id`) VALUES (6, 77, 157);
INSERT INTO `video_score` (`score`, `video_id`, `user_id`) VALUES (2, 2, 158);
INSERT INTO `video_score` (`score`, `video_id`, `user_id`) VALUES (9, 53, 158);
INSERT INTO `video_score` (`score`, `video_id`, `user_id`) VALUES (1, 56, 158);
INSERT INTO `video_score` (`score`, `video_id`, `user_id`) VALUES (3, 90, 159);
INSERT INTO `video_score` (`score`, `video_id`, `user_id`) VALUES (7, 51, 160);
INSERT INTO `video_score` (`score`, `video_id`, `user_id`) VALUES (3, 68, 160);
INSERT INTO `video_score` (`score`, `video_id`, `user_id`) VALUES (2, 90, 160);
INSERT INTO `video_score` (`score`, `video_id`, `user_id`) VALUES (8, 78, 163);
INSERT INTO `video_score` (`score`, `video_id`, `user_id`) VALUES (8, 6, 165);
INSERT INTO `video_score` (`score`, `video_id`, `user_id`) VALUES (7, 38, 167);
INSERT INTO `video_score` (`score`, `video_id`, `user_id`) VALUES (3, 18, 169);
INSERT INTO `video_score` (`score`, `video_id`, `user_id`) VALUES (4, 44, 169);
INSERT INTO `video_score` (`score`, `video_id`, `user_id`) VALUES (6, 43, 170);
INSERT INTO `video_score` (`score`, `video_id`, `user_id`) VALUES (2, 8, 171);
INSERT INTO `video_score` (`score`, `video_id`, `user_id`) VALUES (1, 61, 171);
INSERT INTO `video_score` (`score`, `video_id`, `user_id`) VALUES (9, 71, 172);
INSERT INTO `video_score` (`score`, `video_id`, `user_id`) VALUES (8, 89, 172);
INSERT INTO `video_score` (`score`, `video_id`, `user_id`) VALUES (1, 99, 172);
INSERT INTO `video_score` (`score`, `video_id`, `user_id`) VALUES (5, 49, 174);
INSERT INTO `video_score` (`score`, `video_id`, `user_id`) VALUES (5, 52, 174);
INSERT INTO `video_score` (`score`, `video_id`, `user_id`) VALUES (2, 66, 174);
INSERT INTO `video_score` (`score`, `video_id`, `user_id`) VALUES (7, 70, 174);
INSERT INTO `video_score` (`score`, `video_id`, `user_id`) VALUES (4, 82, 178);
INSERT INTO `video_score` (`score`, `video_id`, `user_id`) VALUES (6, 97, 178);
INSERT INTO `video_score` (`score`, `video_id`, `user_id`) VALUES (3, 85, 180);
INSERT INTO `video_score` (`score`, `video_id`, `user_id`) VALUES (8, 3, 181);
INSERT INTO `video_score` (`score`, `video_id`, `user_id`) VALUES (6, 26, 181);
INSERT INTO `video_score` (`score`, `video_id`, `user_id`) VALUES (8, 71, 181);
INSERT INTO `video_score` (`score`, `video_id`, `user_id`) VALUES (2, 88, 181);
INSERT INTO `video_score` (`score`, `video_id`, `user_id`) VALUES (3, 97, 181);
INSERT INTO `video_score` (`score`, `video_id`, `user_id`) VALUES (8, 2, 182);
INSERT INTO `video_score` (`score`, `video_id`, `user_id`) VALUES (8, 68, 182);
INSERT INTO `video_score` (`score`, `video_id`, `user_id`) VALUES (9, 82, 183);
INSERT INTO `video_score` (`score`, `video_id`, `user_id`) VALUES (3, 18, 184);
INSERT INTO `video_score` (`score`, `video_id`, `user_id`) VALUES (2, 37, 184);
INSERT INTO `video_score` (`score`, `video_id`, `user_id`) VALUES (2, 82, 184);
INSERT INTO `video_score` (`score`, `video_id`, `user_id`) VALUES (4, 89, 185);
INSERT INTO `video_score` (`score`, `video_id`, `user_id`) VALUES (8, 38, 186);
INSERT INTO `video_score` (`score`, `video_id`, `user_id`) VALUES (1, 97, 186);
INSERT INTO `video_score` (`score`, `video_id`, `user_id`) VALUES (6, 29, 187);
INSERT INTO `video_score` (`score`, `video_id`, `user_id`) VALUES (1, 8, 188);
INSERT INTO `video_score` (`score`, `video_id`, `user_id`) VALUES (4, 65, 188);
INSERT INTO `video_score` (`score`, `video_id`, `user_id`) VALUES (5, 9, 189);
INSERT INTO `video_score` (`score`, `video_id`, `user_id`) VALUES (3, 27, 189);
INSERT INTO `video_score` (`score`, `video_id`, `user_id`) VALUES (5, 32, 189);
INSERT INTO `video_score` (`score`, `video_id`, `user_id`) VALUES (1, 71, 189);
INSERT INTO `video_score` (`score`, `video_id`, `user_id`) VALUES (2, 51, 190);
INSERT INTO `video_score` (`score`, `video_id`, `user_id`) VALUES (8, 57, 191);
INSERT INTO `video_score` (`score`, `video_id`, `user_id`) VALUES (2, 27, 192);
INSERT INTO `video_score` (`score`, `video_id`, `user_id`) VALUES (3, 24, 193);
INSERT INTO `video_score` (`score`, `video_id`, `user_id`) VALUES (3, 44, 194);
INSERT INTO `video_score` (`score`, `video_id`, `user_id`) VALUES (4, 54, 194);
INSERT INTO `video_score` (`score`, `video_id`, `user_id`) VALUES (4, 64, 194);
INSERT INTO `video_score` (`score`, `video_id`, `user_id`) VALUES (4, 24, 195);
INSERT INTO `video_score` (`score`, `video_id`, `user_id`) VALUES (2, 59, 195);
INSERT INTO `video_score` (`score`, `video_id`, `user_id`) VALUES (5, 2, 196);
INSERT INTO `video_score` (`score`, `video_id`, `user_id`) VALUES (9, 19, 196);
INSERT INTO `video_score` (`score`, `video_id`, `user_id`) VALUES (2, 26, 196);
INSERT INTO `video_score` (`score`, `video_id`, `user_id`) VALUES (5, 61, 196);
INSERT INTO `video_score` (`score`, `video_id`, `user_id`) VALUES (7, 11, 197);
INSERT INTO `video_score` (`score`, `video_id`, `user_id`) VALUES (1, 72, 199);
INSERT INTO `video_score` (`score`, `video_id`, `user_id`) VALUES (6, 50, 200);
INSERT INTO `video_score` (`score`, `video_id`, `user_id`) VALUES (8, 84, 200);


#
# TABLE STRUCTURE FOR: video_type
#

DROP TABLE IF EXISTS `video_type`;

CREATE TABLE `video_type` (
  `id` int(10) unsigned NOT NULL AUTO_INCREMENT,
  `name` varchar(255) COLLATE utf8mb4_unicode_ci NOT NULL,
  `created_at` datetime DEFAULT current_timestamp(),
  PRIMARY KEY (`id`),
  UNIQUE KEY `name` (`name`)
) ENGINE=InnoDB AUTO_INCREMENT=7 DEFAULT CHARSET=utf8mb4 COLLATE=utf8mb4_unicode_ci;

INSERT INTO `video_type` (`id`, `name`, `created_at`) VALUES (1, 'movie', '2021-04-29 10:55:03');
INSERT INTO `video_type` (`id`, `name`, `created_at`) VALUES (2, 'series', '2021-04-29 10:55:03');
INSERT INTO `video_type` (`id`, `name`, `created_at`) VALUES (3, 'animated series', '2021-04-29 10:55:03');
INSERT INTO `video_type` (`id`, `name`, `created_at`) VALUES (4, 'cartoon', '2021-04-29 10:55:03');
INSERT INTO `video_type` (`id`, `name`, `created_at`) VALUES (5, 'clip', '2021-04-29 10:55:03');
INSERT INTO `video_type` (`id`, `name`, `created_at`) VALUES (6, 'short film', '2021-04-29 10:55:03');


